<?xml version = '1.0' encoding = 'UTF-8'?>
<FKIndexAssociation class="oracle.dbtools.crest.model.design.relational.FKIndexAssociation" directorySegmentName="seg_0" id="225DC2D9-B6CF-714A-E768-49925DA42B3A" containerWithKeyObject="77708BD4-98D9-08C5-D4AE-B309DDC0E5ED" localFKIndex="01AE9B11-C6C6-47A3-267B-6DEA9C9BF793" name="FK_RHSTU_CONSULTA_FORMA_PAGTO">
<createdBy>Gustavo Padlipskas</createdBy>
<createdTime>2023-09-20 11:54:58 UTC</createdTime>
<generatorID>A0FB73A1-88E6-4FBA-DFED-E3093E46A5B6</generatorID>
<ownerDesignName>Projeto_RHSTU_v7</ownerDesignName>
<referredTableLongName>T_RHSTU_CONSULTA</referredTableLongName>
<deleteRule>NO ACTION</deleteRule>
<referredTableID>1A28EEB4-8964-7126-CA87-96C8569EED73</referredTableID>
<keyObject>49050857-4E58-3A12-4D4F-128B7DA19C4D</keyObject>
<referredKeyID>49050857-4E58-3A12-4D4F-128B7DA19C4D</referredKeyID>
<mandatory>true</mandatory>
<refColNames>ID_CONSULTA,ID_UNID_HOSPITAL</refColNames>
<transferable>true</transferable>
<rely>false</rely>
<columnDependencyConstraintGenerateInDDL>true</columnDependencyConstraintGenerateInDDL>
</FKIndexAssociation>