<?xml version = '1.0' encoding = 'UTF-8'?>
<FKIndexAssociation class="oracle.dbtools.crest.model.design.relational.FKIndexAssociation" directorySegmentName="seg_0" id="B5D553F9-8CCD-5F82-D3D2-323E2E222388" containerWithKeyObject="FA2E51DE-1DFE-DCE1-E5FA-F48DF2EA2B5F" localFKIndex="0FD61FBB-EEDE-89DD-0986-1D8BE8ACA9A0" name="FK_RHSTU_FUNC_SUPERIOR">
<createdBy>Gustavo Padlipskas</createdBy>
<createdTime>2023-09-20 11:54:58 UTC</createdTime>
<generatorID>D4FDC64E-3D7D-4FB1-B3EB-39D6E9E29875</generatorID>
<ownerDesignName>Projeto_RHSTU_v7</ownerDesignName>
<referredTableLongName>T_RHSTU_FUNCIONARIO</referredTableLongName>
<deleteRule>NO ACTION</deleteRule>
<referredTableID>FA2E51DE-1DFE-DCE1-E5FA-F48DF2EA2B5F</referredTableID>
<keyObject>476FE2CF-FD77-4124-5D87-B3E95F9DA4F3</keyObject>
<referredKeyID>476FE2CF-FD77-4124-5D87-B3E95F9DA4F3</referredKeyID>
<mandatory>false</mandatory>
<refColNames>ID_FUNC</refColNames>
<transferable>true</transferable>
<rely>false</rely>
<discriminatorValue>ID_FUNC</discriminatorValue>
<columnDependencyConstraintGenerateInDDL>true</columnDependencyConstraintGenerateInDDL>
</FKIndexAssociation>