<?xml version = '1.0' encoding = 'UTF-8'?>
<FKIndexAssociation class="oracle.dbtools.crest.model.design.relational.FKIndexAssociation" directorySegmentName="seg_0" id="E1603267-6673-3C67-5C9B-8B82D6A9F980" containerWithKeyObject="FFA442B7-321C-4EC0-CAAD-DE72C6715C63" localFKIndex="5EE27718-5861-9353-8642-5A4841D2485D" name="FK_RHSTU_PACIENTE_TELEFONE">
<createdBy>Gustavo Padlipskas</createdBy>
<createdTime>2023-09-20 11:54:58 UTC</createdTime>
<generatorID>8BCC4E83-DAA8-181A-7DE9-422F9A8742E1</generatorID>
<ownerDesignName>Projeto_RHSTU_v7</ownerDesignName>
<referredTableLongName>T_RHSTU_PACIENTE</referredTableLongName>
<deleteRule>NO ACTION</deleteRule>
<referredTableID>D5173D95-D0EE-7927-EFC6-835579B3763C</referredTableID>
<keyObject>FB90AF85-FF3F-B27A-CCFD-3FB3682FD12A</keyObject>
<referredKeyID>FB90AF85-FF3F-B27A-CCFD-3FB3682FD12A</referredKeyID>
<mandatory>true</mandatory>
<refColNames>ID_PACIENTE</refColNames>
<transferable>true</transferable>
<rely>false</rely>
<columnDependencyConstraintGenerateInDDL>true</columnDependencyConstraintGenerateInDDL>
</FKIndexAssociation>