<?xml version = '1.0' encoding = 'UTF-8'?>
<Entity class="oracle.dbtools.crest.model.design.logical.Entity" directorySegmentName="seg_0" id="0C7A97B7-A1FC-3678-2D79-10C9FEBA30EF" name="T_RHSTU_UNID_HOSPITALAR">
<createdBy>Gustavo Padlipskas</createdBy>
<createdTime>2023-09-25 18:16:15 UTC</createdTime>
<generatorID>3D5B4313-42CB-B9B1-D05A-82F6E8D7B7A9</generatorID>
<ownerDesignName>Projeto_RHSTU_v7</ownerDesignName>
<engineerTo>
<item key="BD52EFD7-AD57-1D29-FBCE-37428351E3D1" value="true"/>
</engineerTo>
<adequatelyNormalized>NO</adequatelyNormalized>
<expectedVolumes>0</expectedVolumes>
<fwdEngineeringStrategyName>Single Table</fwdEngineeringStrategyName>
<growthPercent>0</growthPercent>
<growthType>Year</growthType>
<maxVolumes>9999999</maxVolumes>
<minVolumes>0</minVolumes>
<normalForm>Third</normalForm>
<attributes itemClass="oracle.dbtools.crest.model.design.logical.Attribute">
<Attribute name="ID_UNID_HOSPITAL" id="3AED687D-6448-24CA-904F-33FDB2F115D6">
<createdBy>Gustavo Padlipskas</createdBy>
<createdTime>2023-09-25 18:16:15 UTC</createdTime>
<comment><![CDATA[Esse atributo irá receber a chave primária da Unidade Hospitalar. Esse número é sequencia e gerado automaticamente pelo sistema. Seu conteúdo é obrigatório.]]></comment>
<commentInRDBMS><![CDATA[Esse atributo irá receber a chave primária da Unidade Hospitalar. Esse número é sequencia e gerado automaticamente pelo sistema. Seu conteúdo é obrigatório.]]></commentInRDBMS>
<generatorID>9C20FCD9-BFE3-EAE1-8A77-FB1E1B201C1B</generatorID>
<ownerDesignName>Projeto_RHSTU_v7</ownerDesignName>
<engineerTo>
<item key="BD52EFD7-AD57-1D29-FBCE-37428351E3D1" value="true"/>
</engineerTo>
<useDomainConstraints>false</useDomainConstraints>
<use>1</use>
<logicalDatatype>LOGDT019</logicalDatatype>
<dataTypePrecision>9</dataTypePrecision>
<ownDataTypeParameters>,9,</ownDataTypeParameters>
</Attribute>
<Attribute name="NM_UNID_HOSPITALAR" id="E58047CC-F57B-0EBC-374A-75FD33918859">
<createdBy>Gustavo Padlipskas</createdBy>
<createdTime>2023-09-25 18:16:15 UTC</createdTime>
<comment><![CDATA[Esse atributo irá receber o nome da unidade hospitalar. Seu conteúdo é obrigatório.]]></comment>
<commentInRDBMS><![CDATA[Esse atributo irá receber o nome da unidade hospitalar. Seu conteúdo é obrigatório.]]></commentInRDBMS>
<generatorID>4BAC845C-1678-A047-7879-23D3AC77E9B5</generatorID>
<ownerDesignName>Projeto_RHSTU_v7</ownerDesignName>
<engineerTo>
<item key="BD52EFD7-AD57-1D29-FBCE-37428351E3D1" value="true"/>
</engineerTo>
<useDomainConstraints>false</useDomainConstraints>
<use>1</use>
<logicalDatatype>LOGDT024</logicalDatatype>
<dataTypeSize>80</dataTypeSize>
<ownDataTypeParameters>80,,</ownDataTypeParameters>
</Attribute>
<Attribute name="NM_RAZAO_SOCIAL_UNID_HOSP" id="C8CC5942-9E5D-F44A-27D9-32730374282F">
<createdBy>Gustavo Padlipskas</createdBy>
<createdTime>2023-09-25 18:16:15 UTC</createdTime>
<comment><![CDATA[Esse atributo irá receber a razão social da unidade hospitalar. Seu conteúdo é obrigatório.]]></comment>
<commentInRDBMS><![CDATA[Esse atributo irá receber a razão social da unidade hospitalar. Seu conteúdo é obrigatório.]]></commentInRDBMS>
<generatorID>93DE81FE-B33E-3133-AC1C-939CDA3C2BFE</generatorID>
<ownerDesignName>Projeto_RHSTU_v7</ownerDesignName>
<engineerTo>
<item key="BD52EFD7-AD57-1D29-FBCE-37428351E3D1" value="true"/>
</engineerTo>
<useDomainConstraints>false</useDomainConstraints>
<use>1</use>
<logicalDatatype>LOGDT024</logicalDatatype>
<dataTypeSize>80</dataTypeSize>
<ownDataTypeParameters>80,,</ownDataTypeParameters>
</Attribute>
<Attribute name="DT_FUNDACAO" id="C9116152-141E-3C05-AC73-45A34E24D2C9">
<createdBy>Gustavo Padlipskas</createdBy>
<createdTime>2023-09-25 18:16:15 UTC</createdTime>
<comment><![CDATA[Esse atributo irá receber a data de fundação da unidade hospitalar. Seu conteúdo é opcional.]]></comment>
<commentInRDBMS><![CDATA[Esse atributo irá receber a data de fundação da unidade hospitalar. Seu conteúdo é opcional.]]></commentInRDBMS>
<generatorID>F31DE58B-451F-BE94-7C6C-5B446C9F0634</generatorID>
<ownerDesignName>Projeto_RHSTU_v7</ownerDesignName>
<engineerTo>
<item key="BD52EFD7-AD57-1D29-FBCE-37428351E3D1" value="true"/>
</engineerTo>
<nullsAllowed>true</nullsAllowed>
<useDomainConstraints>false</useDomainConstraints>
<use>1</use>
<logicalDatatype>LOGDT007</logicalDatatype>
<ownDataTypeParameters>,,</ownDataTypeParameters>
</Attribute>
<Attribute name="NR_LOGRADOURO" id="84C3A645-E0D2-48C4-9B23-194FA27896BD">
<createdBy>Gustavo Padlipskas</createdBy>
<createdTime>2023-09-25 18:16:15 UTC</createdTime>
<comment><![CDATA[Esse atributo irá receber o número do logradouro do endereco da Unidade Hospitalar.  Seu conteúdo é opcional.]]></comment>
<commentInRDBMS><![CDATA[Esse atributo irá receber o número do logradouro do endereco da Unidade Hospitalar.  Seu conteúdo é opcional.]]></commentInRDBMS>
<generatorID>91D7EDBF-CE4F-9FC7-66A1-E453452779A5</generatorID>
<ownerDesignName>Projeto_RHSTU_v7</ownerDesignName>
<engineerTo>
<item key="BD52EFD7-AD57-1D29-FBCE-37428351E3D1" value="true"/>
</engineerTo>
<nullsAllowed>true</nullsAllowed>
<useDomainConstraints>false</useDomainConstraints>
<use>1</use>
<logicalDatatype>LOGDT019</logicalDatatype>
<dataTypePrecision>7</dataTypePrecision>
<ownDataTypeParameters>,7,</ownDataTypeParameters>
</Attribute>
<Attribute name="DS_COMPLEMENTO_NUMERO" id="0A9494EC-4922-7ABB-3966-85D93D93A719">
<createdBy>Gustavo Padlipskas</createdBy>
<createdTime>2023-09-25 18:16:15 UTC</createdTime>
<comment><![CDATA[Esse atributo irá receber o complemeneto  do logradouro do endereco da Unidade Hospitalar caso ele exista. Seu conteúdo é opcional.]]></comment>
<commentInRDBMS><![CDATA[Esse atributo irá receber o complemeneto  do logradouro do endereco da Unidade Hospitalar caso ele exista. Seu conteúdo é opcional.]]></commentInRDBMS>
<generatorID>CA62B7AA-9757-BB80-F7EB-EE2F5D3030DC</generatorID>
<ownerDesignName>Projeto_RHSTU_v7</ownerDesignName>
<engineerTo>
<item key="BD52EFD7-AD57-1D29-FBCE-37428351E3D1" value="true"/>
</engineerTo>
<nullsAllowed>true</nullsAllowed>
<useDomainConstraints>false</useDomainConstraints>
<use>1</use>
<logicalDatatype>LOGDT024</logicalDatatype>
<dataTypeSize>30</dataTypeSize>
<ownDataTypeParameters>30,,</ownDataTypeParameters>
</Attribute>
<Attribute name="DS_PONTO_REFERENCIA" id="E3EA9DBB-4ED7-D074-A8A1-698DF6FBD779">
<createdBy>Gustavo Padlipskas</createdBy>
<createdTime>2023-09-25 18:16:15 UTC</createdTime>
<comment><![CDATA[Esse atributo irá receber o ponto de referência  do logradouro do endereco da unidade hospitalar.  Seu conteúdo é opcional.]]></comment>
<commentInRDBMS><![CDATA[Esse atributo irá receber o ponto de referência  do logradouro do endereco da unidade hospitalar.  Seu conteúdo é opcional.]]></commentInRDBMS>
<generatorID>A3AE19C1-1566-E1D3-3CDE-EA28F52A49C9</generatorID>
<ownerDesignName>Projeto_RHSTU_v7</ownerDesignName>
<engineerTo>
<item key="BD52EFD7-AD57-1D29-FBCE-37428351E3D1" value="true"/>
</engineerTo>
<nullsAllowed>true</nullsAllowed>
<useDomainConstraints>false</useDomainConstraints>
<use>1</use>
<logicalDatatype>LOGDT024</logicalDatatype>
<dataTypeSize>50</dataTypeSize>
<ownDataTypeParameters>50,,</ownDataTypeParameters>
</Attribute>
<Attribute name="DT_INICIO" id="141D7BD0-E629-92C7-6E2F-A0339879B9F5">
<createdBy>Gustavo Padlipskas</createdBy>
<createdTime>2023-09-25 18:16:15 UTC</createdTime>
<comment><![CDATA[Esse atributo irá receber a data inicio do endereço da Unidade Hospitalar associado ao endereço (logradouro). Seu conteúdo é obrigatorio.]]></comment>
<commentInRDBMS><![CDATA[Esse atributo irá receber a data inicio do endereço da Unidade Hospitalar associado ao endereço (logradouro). Seu conteúdo é obrigatorio.]]></commentInRDBMS>
<generatorID>8E0F70E0-DFB6-E102-52ED-A686E8F48198</generatorID>
<ownerDesignName>Projeto_RHSTU_v7</ownerDesignName>
<engineerTo>
<item key="BD52EFD7-AD57-1D29-FBCE-37428351E3D1" value="true"/>
</engineerTo>
<useDomainConstraints>false</useDomainConstraints>
<use>1</use>
<logicalDatatype>LOGDT007</logicalDatatype>
<ownDataTypeParameters>,,</ownDataTypeParameters>
</Attribute>
<Attribute name="DT_TERMINO" id="98F710E8-74DB-9FF8-0392-D578C2D085A5">
<createdBy>Gustavo Padlipskas</createdBy>
<createdTime>2023-09-25 18:16:15 UTC</createdTime>
<comment><![CDATA[Esse atributo irá receber a data término  do endereço da Unidade Hospitalar associado ao endereço (logradouro). Seu conteúdo é opcional..]]></comment>
<commentInRDBMS><![CDATA[Esse atributo irá receber a data término  do endereço da Unidade Hospitalar associado ao endereço (logradouro). Seu conteúdo é opcional.]]></commentInRDBMS>
<generatorID>4169198D-5167-8ED6-EBF8-3E8DD601D4FE</generatorID>
<ownerDesignName>Projeto_RHSTU_v7</ownerDesignName>
<engineerTo>
<item key="BD52EFD7-AD57-1D29-FBCE-37428351E3D1" value="true"/>
</engineerTo>
<nullsAllowed>true</nullsAllowed>
<useDomainConstraints>false</useDomainConstraints>
<use>1</use>
<logicalDatatype>LOGDT007</logicalDatatype>
<ownDataTypeParameters>,,</ownDataTypeParameters>
</Attribute>
<Attribute name="DT_CADASTRO" id="EE076341-3E83-2602-CC0E-B0CD014A8F11">
<createdBy>Gustavo Padlipskas</createdBy>
<createdTime>2023-09-25 18:16:15 UTC</createdTime>
<comment><![CDATA[ESSE ATRIBUTO RECEBERÁ INFORMAÇÕES SOBRE A DATA DE CADASTRO DA TABELA, SENDO OBRIGATORIO]]></comment>
<commentInRDBMS><![CDATA[esse atributo receberá informações sobre a data de cadastro da tabela, sendo obrigatorio
]]></commentInRDBMS>
<generatorID>6AD7944B-E99A-BCFB-92CE-AD3976A4264A</generatorID>
<ownerDesignName>Projeto_RHSTU_v7</ownerDesignName>
<engineerTo>
<item key="BD52EFD7-AD57-1D29-FBCE-37428351E3D1" value="true"/>
</engineerTo>
<useDomainConstraints>false</useDomainConstraints>
<use>1</use>
<logicalDatatype>LOGDT008</logicalDatatype>
<ownDataTypeParameters>,,</ownDataTypeParameters>
</Attribute>
<Attribute name="NM_USUARIO" id="52A4DCF3-CCD5-8185-DCC6-3036B0ED74CE">
<createdBy>Gustavo Padlipskas</createdBy>
<createdTime>2023-09-25 18:16:15 UTC</createdTime>
<comment><![CDATA[ESSE ATRIBUTO RECEBERÁ INFORMAÇÕES SOBRE O NOME DO USUÁRIO QUE REALIZOU O CADASTRO NA TABELA, SENDO OBRIGATÓRIO, CONTENDO 30 CARACTERES]]></comment>
<commentInRDBMS><![CDATA[esse atributo receberá informações sobre o nome do usuário que realizou o cadastro na tabela, sendo obrigatório, contendo 30 caracteres]]></commentInRDBMS>
<generatorID>581F4585-2E95-317C-14E7-BF2DBEE79488</generatorID>
<ownerDesignName>Projeto_RHSTU_v7</ownerDesignName>
<engineerTo>
<item key="BD52EFD7-AD57-1D29-FBCE-37428351E3D1" value="true"/>
</engineerTo>
<useDomainConstraints>false</useDomainConstraints>
<use>1</use>
<logicalDatatype>LOGDT024</logicalDatatype>
<dataTypeSize>30</dataTypeSize>
<ownDataTypeParameters>30,,</ownDataTypeParameters>
</Attribute>
</attributes>
<identifiers itemClass="oracle.dbtools.crest.model.design.logical.CandidateKey">
<identifier id="2EFD0170-B432-C89E-063D-5409296EC733" name="PK_RHSTU_UNI_HOSP_END">
<createdBy>Gustavo Padlipskas</createdBy>
<createdTime>2023-09-25 18:16:15 UTC</createdTime>
<generatorID>95C519E2-6246-12C2-46CE-FEE7FA35B8E9</generatorID>
<ownerDesignName>Projeto_RHSTU_v7</ownerDesignName>
<engineerTo>
<item key="BD52EFD7-AD57-1D29-FBCE-37428351E3D1" value="true"/>
</engineerTo>
<pk>true</pk>
<usedAttributes>
<attributeRef>3AED687D-6448-24CA-904F-33FDB2F115D6</attributeRef>
</usedAttributes>
</identifier>
</identifiers>
</Entity>