<?xml version = '1.0' encoding = 'UTF-8'?>
<Entity class="oracle.dbtools.crest.model.design.logical.Entity" directorySegmentName="seg_0" id="1A3224BD-AB2B-59FE-B548-B9D564194B0B" name="T_RHSTU_TIPO_CONTATO">
<createdBy>Gustavo Padlipskas</createdBy>
<createdTime>2023-09-25 18:16:15 UTC</createdTime>
<generatorID>1C0AC6B0-631C-F895-AE19-8ABFCB50F86C</generatorID>
<ownerDesignName>Projeto_RHSTU_v7</ownerDesignName>
<engineerTo>
<item key="BD52EFD7-AD57-1D29-FBCE-37428351E3D1" value="true"/>
</engineerTo>
<adequatelyNormalized>NO</adequatelyNormalized>
<expectedVolumes>0</expectedVolumes>
<fwdEngineeringStrategyName>Single Table</fwdEngineeringStrategyName>
<growthPercent>0</growthPercent>
<growthType>Year</growthType>
<maxVolumes>9999999</maxVolumes>
<minVolumes>0</minVolumes>
<normalForm>Third</normalForm>
<attributes itemClass="oracle.dbtools.crest.model.design.logical.Attribute">
<Attribute name="ID_TIPO_CONTATO" id="8E54E46F-037F-3274-263A-A84AABE75CB4">
<createdBy>Gustavo Padlipskas</createdBy>
<createdTime>2023-09-25 18:16:15 UTC</createdTime>
<comment><![CDATA[Esse atributo irá receber a chave primária do tipo do contato. Esse número é sequencial e gerado automaticamente pelo sistema. Seu conteúdo é obrigatório.]]></comment>
<commentInRDBMS><![CDATA[Esse atributo irá receber a chave primária do tipo do contato. Esse número é sequencial e gerado automaticamente pelo sistema. Seu conteúdo é obrigatório.]]></commentInRDBMS>
<generatorID>C7A1FAE5-1C27-36E7-4276-CD0E8C3193F1</generatorID>
<ownerDesignName>Projeto_RHSTU_v7</ownerDesignName>
<engineerTo>
<item key="BD52EFD7-AD57-1D29-FBCE-37428351E3D1" value="true"/>
</engineerTo>
<useDomainConstraints>false</useDomainConstraints>
<use>1</use>
<logicalDatatype>LOGDT019</logicalDatatype>
<dataTypePrecision>5</dataTypePrecision>
<ownDataTypeParameters>,5,</ownDataTypeParameters>
</Attribute>
<Attribute name="NM_TIPO_CONTATO" id="412F2F9F-A4EF-D50C-830E-AE2F1908535C">
<createdBy>Gustavo Padlipskas</createdBy>
<createdTime>2023-09-25 18:16:15 UTC</createdTime>
<comment><![CDATA[Este atributo irá  receber o nome  do tipo de contato (Mãe, Pai, Prima(o), Irmã(o), Amiga(o), Colega de trabalho) entre outros. Seu conteudo é obrigatório.]]></comment>
<commentInRDBMS><![CDATA[Este atributo irá  receber o nome  do tipo de contato (Mãe, Pai, Prima(o), Irmã(o), Amiga(o), Colega de trabalho) entre outros. Seu conteudo é obrigatório.
]]></commentInRDBMS>
<generatorID>F98CB85C-D603-B10E-7907-4714EDA7ED08</generatorID>
<ownerDesignName>Projeto_RHSTU_v7</ownerDesignName>
<engineerTo>
<item key="BD52EFD7-AD57-1D29-FBCE-37428351E3D1" value="true"/>
</engineerTo>
<useDomainConstraints>false</useDomainConstraints>
<use>1</use>
<logicalDatatype>LOGDT024</logicalDatatype>
<dataTypeSize>80</dataTypeSize>
<ownDataTypeParameters>80,,</ownDataTypeParameters>
</Attribute>
<Attribute name="DT_INICIO" id="F0923930-5890-C495-0791-FB8598A2FCFC">
<createdBy>Gustavo Padlipskas</createdBy>
<createdTime>2023-09-25 18:16:15 UTC</createdTime>
<comment><![CDATA[Este atributo irá  receber a data de início de validade do tipo do contato. Seu conteudo é obrigatório.]]></comment>
<commentInRDBMS><![CDATA[Este atributo irá  receber a data de início de validade do tipo do contato. Seu conteudo é obrigatório.]]></commentInRDBMS>
<generatorID>57858165-F304-1047-808B-1DB4261ACD2D</generatorID>
<ownerDesignName>Projeto_RHSTU_v7</ownerDesignName>
<engineerTo>
<item key="BD52EFD7-AD57-1D29-FBCE-37428351E3D1" value="true"/>
</engineerTo>
<useDomainConstraints>false</useDomainConstraints>
<use>1</use>
<logicalDatatype>LOGDT007</logicalDatatype>
<ownDataTypeParameters>,,</ownDataTypeParameters>
</Attribute>
<Attribute name="DT_FIM" id="5AB1723A-0F4C-6AE9-0F76-FA7DFFD24C9C">
<createdBy>Gustavo Padlipskas</createdBy>
<createdTime>2023-09-25 18:16:15 UTC</createdTime>
<comment><![CDATA[Este atributo irá  receber a data de término  de validade do tipo do contato. Seu conteudo é obrigatório.]]></comment>
<commentInRDBMS><![CDATA[Este atributo irá  receber a data de término  de validade do tipo do contato. Seu conteudo é obrigatório.]]></commentInRDBMS>
<generatorID>A038DD65-7D0A-B5D8-A584-3E1AF679EDF3</generatorID>
<ownerDesignName>Projeto_RHSTU_v7</ownerDesignName>
<engineerTo>
<item key="BD52EFD7-AD57-1D29-FBCE-37428351E3D1" value="true"/>
</engineerTo>
<nullsAllowed>true</nullsAllowed>
<useDomainConstraints>false</useDomainConstraints>
<use>1</use>
<logicalDatatype>LOGDT007</logicalDatatype>
<ownDataTypeParameters>,,</ownDataTypeParameters>
</Attribute>
<Attribute name="DT_CADASTRO" id="1DFD4AC5-4CBE-67F8-8729-DB2836953FCF">
<createdBy>Gustavo Padlipskas</createdBy>
<createdTime>2023-09-25 18:16:15 UTC</createdTime>
<comment><![CDATA[ESSE ATRIBUTO RECEBERÁ INFORMAÇÕES SOBRE A DATA DE CADASTRO DA TABELA, SENDO OBRIGATORIO]]></comment>
<commentInRDBMS><![CDATA[esse atributo receberá informações sobre a data de cadastro da tabela, sendo obrigatorio
]]></commentInRDBMS>
<generatorID>B4B2312F-098E-969C-921F-0E41BC99589C</generatorID>
<ownerDesignName>Projeto_RHSTU_v7</ownerDesignName>
<engineerTo>
<item key="BD52EFD7-AD57-1D29-FBCE-37428351E3D1" value="true"/>
</engineerTo>
<useDomainConstraints>false</useDomainConstraints>
<use>1</use>
<logicalDatatype>LOGDT008</logicalDatatype>
<ownDataTypeParameters>,,</ownDataTypeParameters>
</Attribute>
<Attribute name="NM_USUARIO" id="DC34A458-E49E-94A0-0044-565E0B30EE92">
<createdBy>Gustavo Padlipskas</createdBy>
<createdTime>2023-09-25 18:16:15 UTC</createdTime>
<comment><![CDATA[ESSE ATRIBUTO RECEBERÁ INFORMAÇÕES SOBRE O NOME DO USUÁRIO QUE REALIZOU O CADASTRO NA TABELA, SENDO OBRIGATÓRIO, CONTENDO 30 CARACTERES]]></comment>
<commentInRDBMS><![CDATA[esse atributo receberá informações sobre o nome do usuário que realizou o cadastro na tabela, sendo obrigatório, contendo 30 caracteres]]></commentInRDBMS>
<generatorID>3013072F-04CB-EBB5-81D1-AF0A0A96E6DD</generatorID>
<ownerDesignName>Projeto_RHSTU_v7</ownerDesignName>
<engineerTo>
<item key="BD52EFD7-AD57-1D29-FBCE-37428351E3D1" value="true"/>
</engineerTo>
<useDomainConstraints>false</useDomainConstraints>
<use>1</use>
<logicalDatatype>LOGDT024</logicalDatatype>
<dataTypeSize>30</dataTypeSize>
<ownDataTypeParameters>30,,</ownDataTypeParameters>
</Attribute>
</attributes>
<identifiers itemClass="oracle.dbtools.crest.model.design.logical.CandidateKey">
<identifier id="7ADCEC06-3FC8-684C-BC59-43C54BD64CC0" name="PK_RHSTU_TIPO_CONTATO">
<createdBy>Gustavo Padlipskas</createdBy>
<createdTime>2023-09-25 18:16:15 UTC</createdTime>
<generatorID>03A6931B-AA81-CEE5-3D9D-6437A535648C</generatorID>
<ownerDesignName>Projeto_RHSTU_v7</ownerDesignName>
<engineerTo>
<item key="BD52EFD7-AD57-1D29-FBCE-37428351E3D1" value="true"/>
</engineerTo>
<pk>true</pk>
<usedAttributes>
<attributeRef>8E54E46F-037F-3274-263A-A84AABE75CB4</attributeRef>
</usedAttributes>
</identifier>
</identifiers>
</Entity>