<?xml version = '1.0' encoding = 'UTF-8'?>
<Entity class="oracle.dbtools.crest.model.design.logical.Entity" directorySegmentName="seg_0" id="1FBF81D1-AB4E-3237-B5A9-684BDF7A70AA" name="T_RHSTU_MEDICAMENTO">
<createdBy>Gustavo Padlipskas</createdBy>
<createdTime>2023-09-25 18:16:15 UTC</createdTime>
<generatorID>DFCA6C03-A10A-1F70-CA81-54B5F357B17C</generatorID>
<ownerDesignName>Projeto_RHSTU_v7</ownerDesignName>
<engineerTo>
<item key="BD52EFD7-AD57-1D29-FBCE-37428351E3D1" value="true"/>
</engineerTo>
<adequatelyNormalized>NO</adequatelyNormalized>
<expectedVolumes>0</expectedVolumes>
<fwdEngineeringStrategyName>Single Table</fwdEngineeringStrategyName>
<growthPercent>0</growthPercent>
<growthType>Year</growthType>
<maxVolumes>9999999</maxVolumes>
<minVolumes>0</minVolumes>
<normalForm>Third</normalForm>
<attributes itemClass="oracle.dbtools.crest.model.design.logical.Attribute">
<Attribute name="ID_MEDICAMENTO" id="7AD18D77-7389-90D3-8633-7237821B9F81">
<createdBy>Gustavo Padlipskas</createdBy>
<createdTime>2023-09-25 18:16:15 UTC</createdTime>
<comment><![CDATA[ESSE ATRIBUTO RECEBERÁ O ID DO MEDICAMENTO, SENDO GERADO SEQUENCIALMENTE]]></comment>
<commentInRDBMS><![CDATA[ESSE ATRIBUTO RECEBERÁ O ID DO MEDICAMENTO, SENDO GERADO SEQUENCIALMENTE]]></commentInRDBMS>
<generatorID>4281B369-26C9-DE79-D70D-9B346BD6BF21</generatorID>
<ownerDesignName>Projeto_RHSTU_v7</ownerDesignName>
<engineerTo>
<item key="BD52EFD7-AD57-1D29-FBCE-37428351E3D1" value="true"/>
</engineerTo>
<useDomainConstraints>false</useDomainConstraints>
<use>1</use>
<logicalDatatype>LOGDT019</logicalDatatype>
<dataTypePrecision>9</dataTypePrecision>
<ownDataTypeParameters>,9,</ownDataTypeParameters>
</Attribute>
<Attribute name="NM_MEDICAMENTO" id="04F0E9D6-3B17-CE86-99A2-1C67D7C35071">
<createdBy>Gustavo Padlipskas</createdBy>
<createdTime>2023-09-25 18:16:15 UTC</createdTime>
<comment><![CDATA[ESSE ATRIBUTO RECEBERÁ DADOS SOBRE O NOME DO MEDICAMENTO, SENDO OBRIGATÓRIO NA TABELA]]></comment>
<commentInRDBMS><![CDATA[ESSE ATRIBUTO RECEBERÁ DADOS SOBRE O NOME DO MEDICAMENTO, SENDO OBRIGATÓRIO NA TABELA]]></commentInRDBMS>
<generatorID>AD6F2A49-D7BA-916E-1268-F6EB3ED953B9</generatorID>
<ownerDesignName>Projeto_RHSTU_v7</ownerDesignName>
<engineerTo>
<item key="BD52EFD7-AD57-1D29-FBCE-37428351E3D1" value="true"/>
</engineerTo>
<useDomainConstraints>false</useDomainConstraints>
<use>1</use>
<logicalDatatype>LOGDT024</logicalDatatype>
<dataTypeSize>50</dataTypeSize>
<ownDataTypeParameters>50,,</ownDataTypeParameters>
</Attribute>
<Attribute name="DS_DETALHADA_MEDICAMENTO" id="C75C3271-7294-8569-87E0-9D036846A2D8">
<createdBy>Gustavo Padlipskas</createdBy>
<createdTime>2023-09-25 18:16:15 UTC</createdTime>
<comment><![CDATA[Esse atributo irá receber a descrição detalhada do medicamento. Seu conteúdo é opcional.]]></comment>
<commentInRDBMS><![CDATA[Esse atributo irá receber a descrição detalhada do medicamento. Seu conteúdo é opcional.]]></commentInRDBMS>
<generatorID>6689582D-49AD-6F70-2990-116837D9F981</generatorID>
<ownerDesignName>Projeto_RHSTU_v7</ownerDesignName>
<engineerTo>
<item key="BD52EFD7-AD57-1D29-FBCE-37428351E3D1" value="true"/>
</engineerTo>
<nullsAllowed>true</nullsAllowed>
<useDomainConstraints>false</useDomainConstraints>
<use>1</use>
<logicalDatatype>LOGDT024</logicalDatatype>
<dataTypeSize>4000</dataTypeSize>
<ownDataTypeParameters>4000,,</ownDataTypeParameters>
</Attribute>
<Attribute name="NR_CODIGO_BARRAS" id="A0213627-8997-5F4A-0ADF-36A923D5D8A4">
<createdBy>Gustavo Padlipskas</createdBy>
<createdTime>2023-09-25 18:16:15 UTC</createdTime>
<comment><![CDATA[Esse atributo irá receber o número do código de barras do medicamento, seu conteúdo é obrigatório.]]></comment>
<commentInRDBMS><![CDATA[Esse atributo irá receber o número do código de barras do medicamento, seu conteúdo é obrigatório.]]></commentInRDBMS>
<generatorID>9F7F70D3-81F7-4269-B673-5D06A538E50D</generatorID>
<ownerDesignName>Projeto_RHSTU_v7</ownerDesignName>
<engineerTo>
<item key="BD52EFD7-AD57-1D29-FBCE-37428351E3D1" value="true"/>
</engineerTo>
<useDomainConstraints>false</useDomainConstraints>
<use>1</use>
<logicalDatatype>LOGDT019</logicalDatatype>
<ownDataTypeParameters>,,</ownDataTypeParameters>
</Attribute>
<Attribute name="DT_CADASTRO" id="B642AF5E-948B-8D23-2565-74A324D39D50">
<createdBy>Gustavo Padlipskas</createdBy>
<createdTime>2023-09-25 18:16:15 UTC</createdTime>
<comment><![CDATA[ESSE ATRIBUTO RECEBERÁ INFORMAÇÕES SOBRE A DATA DE CADASTRO DA TABELA, SENDO OBRIGATORIO]]></comment>
<commentInRDBMS><![CDATA[esse atributo receberá informações sobre a data de cadastro da tabela, sendo obrigatorio
]]></commentInRDBMS>
<generatorID>81FC5511-54DE-5E8A-4301-158C82FB2887</generatorID>
<ownerDesignName>Projeto_RHSTU_v7</ownerDesignName>
<engineerTo>
<item key="BD52EFD7-AD57-1D29-FBCE-37428351E3D1" value="true"/>
</engineerTo>
<useDomainConstraints>false</useDomainConstraints>
<use>1</use>
<logicalDatatype>LOGDT008</logicalDatatype>
<ownDataTypeParameters>,,</ownDataTypeParameters>
</Attribute>
<Attribute name="NM_USUARIO" id="A3B500E4-CF23-493B-7AEB-FE82C8BAF27E">
<createdBy>Gustavo Padlipskas</createdBy>
<createdTime>2023-09-25 18:16:15 UTC</createdTime>
<comment><![CDATA[ESSE ATRIBUTO RECEBERÁ INFORMAÇÕES SOBRE O NOME DO USUÁRIO QUE REALIZOU O CADASTRO NA TABELA, SENDO OBRIGATÓRIO, CONTENDO 30 CARACTERES]]></comment>
<commentInRDBMS><![CDATA[esse atributo receberá informações sobre o nome do usuário que realizou o cadastro na tabela, sendo obrigatório, contendo 30 caracteres]]></commentInRDBMS>
<generatorID>1337D870-2206-7610-FD09-AF6B29410649</generatorID>
<ownerDesignName>Projeto_RHSTU_v7</ownerDesignName>
<engineerTo>
<item key="BD52EFD7-AD57-1D29-FBCE-37428351E3D1" value="true"/>
</engineerTo>
<useDomainConstraints>false</useDomainConstraints>
<use>1</use>
<logicalDatatype>LOGDT024</logicalDatatype>
<dataTypeSize>30</dataTypeSize>
<ownDataTypeParameters>30,,</ownDataTypeParameters>
</Attribute>
</attributes>
<identifiers itemClass="oracle.dbtools.crest.model.design.logical.CandidateKey">
<identifier id="0A766BF7-8D45-C7D9-491B-649ED83AE3C1" name="PK_RHSTU_MEDICAMENTO">
<createdBy>Gustavo Padlipskas</createdBy>
<createdTime>2023-09-25 18:16:15 UTC</createdTime>
<generatorID>4AB59E69-20B4-F134-C877-B7FE357261A3</generatorID>
<ownerDesignName>Projeto_RHSTU_v7</ownerDesignName>
<engineerTo>
<item key="BD52EFD7-AD57-1D29-FBCE-37428351E3D1" value="true"/>
</engineerTo>
<pk>true</pk>
<usedAttributes>
<attributeRef>7AD18D77-7389-90D3-8633-7237821B9F81</attributeRef>
</usedAttributes>
</identifier>
</identifiers>
</Entity>