<?xml version = '1.0' encoding = 'UTF-8'?>
<Entity class="oracle.dbtools.crest.model.design.logical.Entity" directorySegmentName="seg_0" id="C9683120-F843-FBF9-67F8-4C844B8BA1DD" name="T_RHSTU_PRESCRICAO_MEDICA">
<createdBy>Gustavo Padlipskas</createdBy>
<createdTime>2023-09-25 18:16:15 UTC</createdTime>
<generatorID>63607765-E411-DAF1-C9C6-97A5B648F99E</generatorID>
<ownerDesignName>Projeto_RHSTU_v7</ownerDesignName>
<engineerTo>
<item key="BD52EFD7-AD57-1D29-FBCE-37428351E3D1" value="true"/>
</engineerTo>
<adequatelyNormalized>NO</adequatelyNormalized>
<expectedVolumes>0</expectedVolumes>
<fwdEngineeringStrategyName>Single Table</fwdEngineeringStrategyName>
<growthPercent>0</growthPercent>
<growthType>Year</growthType>
<maxVolumes>9999999</maxVolumes>
<minVolumes>0</minVolumes>
<normalForm>Third</normalForm>
<attributes itemClass="oracle.dbtools.crest.model.design.logical.Attribute">
<Attribute name="ID_PRESCRICAO_MEDICA" id="4C451D8D-4A7B-1FD7-5D9A-CB1AADFA15C9">
<createdBy>Gustavo Padlipskas</createdBy>
<createdTime>2023-09-25 18:16:15 UTC</createdTime>
<comment><![CDATA[Esse atributo irá receber a chave primária da prescrição médica. Esse número é sequencial e gerado automaticamente pelo sistema. Seu conteúdo é obrigatório.]]></comment>
<commentInRDBMS><![CDATA[Esse atributo irá receber a chave primária da prescrição médica. Esse número é sequencial e gerado automaticamente pelo sistema. Seu conteúdo é obrigatório.]]></commentInRDBMS>
<generatorID>AE65DA62-A342-3A9B-7E48-732A5B3B3DAA</generatorID>
<ownerDesignName>Projeto_RHSTU_v7</ownerDesignName>
<engineerTo>
<item key="BD52EFD7-AD57-1D29-FBCE-37428351E3D1" value="true"/>
</engineerTo>
<useDomainConstraints>false</useDomainConstraints>
<use>1</use>
<logicalDatatype>LOGDT019</logicalDatatype>
<dataTypePrecision>10</dataTypePrecision>
<ownDataTypeParameters>,10,</ownDataTypeParameters>
</Attribute>
<Attribute name="ID_UNID_HOSPITAL" id="183CA850-D60E-1F4D-0406-E43E793FA241">
<createdBy>Gustavo Padlipskas</createdBy>
<createdTime>2023-09-25 18:16:15 UTC</createdTime>
<comment><![CDATA[Esse atributo irá receber a chave primária da unidade hospitalar. Esse número é sequencial e gerado automaticamente pelo sistema. Seu conteúdo é obrigatório. Trata-se de uma chave primária herdada da tabela consulta.]]></comment>
<commentInRDBMS><![CDATA[Esse atributo irá receber a chave primária da unidade hospitalar. Esse número é sequencial e gerado automaticamente pelo sistema. Seu conteúdo é obrigatório. Trata-se de uma chave primária herdada da tabela consulta.]]></commentInRDBMS>
<generatorID>470D6AA4-2957-9DAF-FAB2-9A2BAC73C6E7</generatorID>
<ownerDesignName>Projeto_RHSTU_v7</ownerDesignName>
<engineerTo>
<item key="BD52EFD7-AD57-1D29-FBCE-37428351E3D1" value="true"/>
</engineerTo>
<referedAttribute>F19D3992-DAB0-3395-A801-8B5ABDC75459</referedAttribute>
<useDomainConstraints>false</useDomainConstraints>
<use>1</use>
<logicalDatatype>LOGDT019</logicalDatatype>
<dataTypePrecision>9</dataTypePrecision>
<ownDataTypeParameters>,,</ownDataTypeParameters>
</Attribute>
<Attribute name="ID_CONSULTA" id="9A1B0E82-45BE-EF79-3BEA-14D3BCC247C3">
<createdBy>Gustavo Padlipskas</createdBy>
<createdTime>2023-09-25 18:16:15 UTC</createdTime>
<comment><![CDATA[Esse atributo irá receber o número da consulta do paciente.  Seu conteúdo é obrigatório e será validado de acordo com regras de negócio. Trata-se de uma chave primária herdada da tabela consulta. ]]></comment>
<commentInRDBMS><![CDATA[Esse atributo irá receber o número da consulta do paciente.  Seu conteúdo é obrigatório e será validado de acordo com regras de negócio. Trata-se de uma chave primária herdada da tabela consulta. ]]></commentInRDBMS>
<generatorID>470D6AA4-2957-9DAF-FAB2-9A2BAC73C6E7</generatorID>
<ownerDesignName>Projeto_RHSTU_v7</ownerDesignName>
<engineerTo>
<item key="BD52EFD7-AD57-1D29-FBCE-37428351E3D1" value="true"/>
</engineerTo>
<referedAttribute>BCF2E734-3F97-8C2D-3001-2D2D72FB5F77</referedAttribute>
<useDomainConstraints>false</useDomainConstraints>
<use>1</use>
<logicalDatatype>LOGDT019</logicalDatatype>
<dataTypePrecision>10</dataTypePrecision>
<ownDataTypeParameters>,,</ownDataTypeParameters>
</Attribute>
<Attribute name="ID_MEDICAMENTO" id="7787A827-EAA3-D027-4FDF-7444717BE56F">
<createdBy>Gustavo Padlipskas</createdBy>
<createdTime>2023-09-25 18:16:15 UTC</createdTime>
<comment><![CDATA[Esse atributo irá receber a chave primária do medicamento. Esse número é sequencial e gerado automaticamente pelo sistema. Seu conteúdo é obrigatório.]]></comment>
<commentInRDBMS><![CDATA[Esse atributo irá receber a chave primária do medicamento. Esse número é sequencial e gerado automaticamente pelo sistema. Seu conteúdo é obrigatório.]]></commentInRDBMS>
<generatorID>50C77DC8-B13F-8482-6FFC-8579879A5166</generatorID>
<ownerDesignName>Projeto_RHSTU_v7</ownerDesignName>
<engineerTo>
<item key="BD52EFD7-AD57-1D29-FBCE-37428351E3D1" value="true"/>
</engineerTo>
<referedAttribute>7AD18D77-7389-90D3-8633-7237821B9F81</referedAttribute>
<useDomainConstraints>false</useDomainConstraints>
<use>1</use>
<logicalDatatype>LOGDT019</logicalDatatype>
<dataTypePrecision>9</dataTypePrecision>
<ownDataTypeParameters>,,</ownDataTypeParameters>
</Attribute>
<Attribute name="DS_POSOLOGIA" id="330BD78B-E306-3004-694F-48628060A6BA">
<createdBy>Gustavo Padlipskas</createdBy>
<createdTime>2023-09-25 18:16:15 UTC</createdTime>
<comment><![CDATA[Esse atributo irá receber a descrição da posologia. Seu conteúdo é obrigatório.]]></comment>
<commentInRDBMS><![CDATA[Esse atributo irá receber a descrição da posologia. Seu conteúdo é obrigatório.]]></commentInRDBMS>
<generatorID>F7C3645B-DAD8-E0FE-BEF5-D00962C2BD70</generatorID>
<ownerDesignName>Projeto_RHSTU_v7</ownerDesignName>
<engineerTo>
<item key="BD52EFD7-AD57-1D29-FBCE-37428351E3D1" value="true"/>
</engineerTo>
<useDomainConstraints>false</useDomainConstraints>
<use>1</use>
<logicalDatatype>LOGDT024</logicalDatatype>
<dataTypeSize>150</dataTypeSize>
<ownDataTypeParameters>150,,</ownDataTypeParameters>
</Attribute>
<Attribute name="DS_VIA" id="EBE18BDF-FB1E-1487-05A6-A2C6E9C7E8E3">
<createdBy>Gustavo Padlipskas</createdBy>
<createdTime>2023-09-25 18:16:15 UTC</createdTime>
<comment><![CDATA[Esse atributo irá receber a descrição das vias de administração de medicamentos. Seu conteúdo é obrigatório.]]></comment>
<commentInRDBMS><![CDATA[Esse atributo irá receber a descrição das vias de administração de medicamentos. Seu conteúdo é obrigatório.]]></commentInRDBMS>
<generatorID>D20CB781-1834-35E1-2461-4E51E96EA9A0</generatorID>
<ownerDesignName>Projeto_RHSTU_v7</ownerDesignName>
<engineerTo>
<item key="BD52EFD7-AD57-1D29-FBCE-37428351E3D1" value="true"/>
</engineerTo>
<useDomainConstraints>false</useDomainConstraints>
<use>1</use>
<logicalDatatype>LOGDT024</logicalDatatype>
<dataTypeSize>40</dataTypeSize>
<ownDataTypeParameters>40,,</ownDataTypeParameters>
</Attribute>
<Attribute name="DS_OBSERVACAO_USO" id="3DEEECEC-9CA4-E125-B202-739B359FD6AF">
<createdBy>Gustavo Padlipskas</createdBy>
<createdTime>2023-09-25 18:16:15 UTC</createdTime>
<comment><![CDATA[Esse atributo receberá a descrição das observações de uso. Seu conteúdo é opcional.]]></comment>
<commentInRDBMS><![CDATA[Esse atributo receberá a descrição das observações de uso. Seu conteúdo é opcional.]]></commentInRDBMS>
<generatorID>36E2D87C-112B-E20D-2DF0-56050DBDD1DF</generatorID>
<ownerDesignName>Projeto_RHSTU_v7</ownerDesignName>
<engineerTo>
<item key="BD52EFD7-AD57-1D29-FBCE-37428351E3D1" value="true"/>
</engineerTo>
<nullsAllowed>true</nullsAllowed>
<useDomainConstraints>false</useDomainConstraints>
<use>1</use>
<logicalDatatype>LOGDT024</logicalDatatype>
<dataTypeSize>100</dataTypeSize>
<ownDataTypeParameters>100,,</ownDataTypeParameters>
</Attribute>
<Attribute name="QT_MEDICAMENTO" id="FEE7D07A-7230-C1F6-F9F9-B11A59C58ACB">
<createdBy>Gustavo Padlipskas</createdBy>
<createdTime>2023-09-25 18:16:15 UTC</createdTime>
<comment><![CDATA[Este atributo receberá as especificações da quantidade de medicamento. Seu conteúdo é opcional]]></comment>
<commentInRDBMS><![CDATA[Este atributo receberá as especificações da quantidade de medicamento. Seu conteúdo é opcional]]></commentInRDBMS>
<generatorID>776A22D6-BB64-9783-7FC0-C7194C3D4627</generatorID>
<ownerDesignName>Projeto_RHSTU_v7</ownerDesignName>
<engineerTo>
<item key="BD52EFD7-AD57-1D29-FBCE-37428351E3D1" value="true"/>
</engineerTo>
<nullsAllowed>true</nullsAllowed>
<useDomainConstraints>false</useDomainConstraints>
<use>1</use>
<logicalDatatype>LOGDT019</logicalDatatype>
<dataTypePrecision>10</dataTypePrecision>
<dataTypeScale>4</dataTypeScale>
<ownDataTypeParameters>,10,4</ownDataTypeParameters>
</Attribute>
<Attribute name="NM_USUARIO" id="02014FB0-049F-B43B-CF77-8E5D30143861">
<createdBy>Gustavo Padlipskas</createdBy>
<createdTime>2023-09-25 18:16:15 UTC</createdTime>
<comment><![CDATA[ESSE ATRIBUTO RECEBERÁ INFORMAÇÕES SOBRE O NOME DO USUÁRIO QUE REALIZOU O CADASTRO NA TABELA, SENDO OBRIGATÓRIO, CONTENDO 30 CARACTERES]]></comment>
<commentInRDBMS><![CDATA[esse atributo receberá informações sobre o nome do usuário que realizou o cadastro na tabela, sendo obrigatório, contendo 30 caracteres]]></commentInRDBMS>
<generatorID>64994580-D624-0B99-488F-B190A0DA03FF</generatorID>
<ownerDesignName>Projeto_RHSTU_v7</ownerDesignName>
<engineerTo>
<item key="BD52EFD7-AD57-1D29-FBCE-37428351E3D1" value="true"/>
</engineerTo>
<useDomainConstraints>false</useDomainConstraints>
<use>1</use>
<logicalDatatype>LOGDT024</logicalDatatype>
<dataTypeSize>30</dataTypeSize>
<ownDataTypeParameters>30,,</ownDataTypeParameters>
</Attribute>
<Attribute name="DT_CADASTRO" id="BC40EA1E-9665-FE12-56C7-252736F7CB55">
<createdBy>Gustavo Padlipskas</createdBy>
<createdTime>2023-09-25 18:16:15 UTC</createdTime>
<comment><![CDATA[ESSE ATRIBUTO RECEBERÁ INFORMAÇÕES SOBRE A DATA DE CADASTRO DA TABELA, SENDO OBRIGATORIO]]></comment>
<commentInRDBMS><![CDATA[esse atributo receberá informações sobre a data de cadastro da tabela, sendo obrigatorio
]]></commentInRDBMS>
<generatorID>E84EFEA4-EE0A-F56F-C691-EB8170A2D1BB</generatorID>
<ownerDesignName>Projeto_RHSTU_v7</ownerDesignName>
<engineerTo>
<item key="BD52EFD7-AD57-1D29-FBCE-37428351E3D1" value="true"/>
</engineerTo>
<useDomainConstraints>false</useDomainConstraints>
<use>1</use>
<logicalDatatype>LOGDT008</logicalDatatype>
<ownDataTypeParameters>,,</ownDataTypeParameters>
</Attribute>
</attributes>
<identifiers itemClass="oracle.dbtools.crest.model.design.logical.CandidateKey">
<identifier id="4FA816D7-C97F-2DD5-1D65-2FB99CF66363" name="PK_RHSTU_PRESCRICAO_MEDICA">
<createdBy>Gustavo Padlipskas</createdBy>
<createdTime>2023-09-25 18:16:15 UTC</createdTime>
<generatorID>C21B3531-732C-CA20-6172-14D29CFC1D1C</generatorID>
<ownerDesignName>Projeto_RHSTU_v7</ownerDesignName>
<engineerTo>
<item key="BD52EFD7-AD57-1D29-FBCE-37428351E3D1" value="true"/>
</engineerTo>
<pk>true</pk>
<usedAttributes>
<attributeRef>4C451D8D-4A7B-1FD7-5D9A-CB1AADFA15C9</attributeRef>
</usedAttributes>
</identifier>
</identifiers>
</Entity>