<?xml version = '1.0' encoding = 'UTF-8'?>
<Entity class="oracle.dbtools.crest.model.design.logical.Entity" directorySegmentName="seg_0" id="E29C924A-FC9D-74FE-7C51-77836A98F48D" name="T_RHSTU_PACIENTE">
<createdBy>Gustavo Padlipskas</createdBy>
<createdTime>2023-09-25 18:16:15 UTC</createdTime>
<generatorID>D5173D95-D0EE-7927-EFC6-835579B3763C</generatorID>
<ownerDesignName>Projeto_RHSTU_v7</ownerDesignName>
<engineerTo>
<item key="BD52EFD7-AD57-1D29-FBCE-37428351E3D1" value="true"/>
</engineerTo>
<adequatelyNormalized>NO</adequatelyNormalized>
<expectedVolumes>0</expectedVolumes>
<fwdEngineeringStrategyName>Single Table</fwdEngineeringStrategyName>
<growthPercent>0</growthPercent>
<growthType>Year</growthType>
<maxVolumes>9999999</maxVolumes>
<minVolumes>0</minVolumes>
<normalForm>Third</normalForm>
<attributes itemClass="oracle.dbtools.crest.model.design.logical.Attribute">
<Attribute name="ID_PACIENTE" id="CD7A0C5B-F79C-398C-1A3B-FC4FFA019B8B">
<createdBy>Gustavo Padlipskas</createdBy>
<createdTime>2023-09-25 18:16:15 UTC</createdTime>
<comment><![CDATA[Esse atributo irá receber a chave primária do paciente. Esse número é sequencial e gerado automaticamente pelo sistema. Seu conteúdo é obrigatório.]]></comment>
<commentInRDBMS><![CDATA[Esse atributo irá receber a chave primária do paciente. Esse número é sequencial e gerado automaticamente pelo sistema. Seu conteúdo é obrigatório.]]></commentInRDBMS>
<generatorID>60941392-A935-FD1A-60EC-A90E894F599F</generatorID>
<ownerDesignName>Projeto_RHSTU_v7</ownerDesignName>
<engineerTo>
<item key="BD52EFD7-AD57-1D29-FBCE-37428351E3D1" value="true"/>
</engineerTo>
<useDomainConstraints>false</useDomainConstraints>
<use>1</use>
<logicalDatatype>LOGDT019</logicalDatatype>
<dataTypePrecision>9</dataTypePrecision>
<ownDataTypeParameters>,9,</ownDataTypeParameters>
</Attribute>
<Attribute name="NM_PACIENTE" id="5953FE01-41BF-CEA2-523D-53AAD30CD1C3">
<createdBy>Gustavo Padlipskas</createdBy>
<createdTime>2023-09-25 18:16:15 UTC</createdTime>
<comment><![CDATA[Esse atributo irá receber o nome completo do  paciente.  Seu conteúdo é obrigatório.]]></comment>
<commentInRDBMS><![CDATA[Esse atributo irá receber o nome completo do  paciente.  Seu conteúdo é obrigatório.]]></commentInRDBMS>
<generatorID>5D9FE06A-DDF0-3E4A-D4E6-9BDF30D1855F</generatorID>
<ownerDesignName>Projeto_RHSTU_v7</ownerDesignName>
<engineerTo>
<item key="BD52EFD7-AD57-1D29-FBCE-37428351E3D1" value="true"/>
</engineerTo>
<useDomainConstraints>false</useDomainConstraints>
<use>1</use>
<logicalDatatype>LOGDT024</logicalDatatype>
<dataTypeSize>80</dataTypeSize>
<ownDataTypeParameters>80,,</ownDataTypeParameters>
</Attribute>
<Attribute name="NR_CPF" id="01A89101-78EB-54E7-E2EA-38893A959DD5">
<createdBy>Gustavo Padlipskas</createdBy>
<createdTime>2023-09-25 18:16:15 UTC</createdTime>
<comment><![CDATA[Esse atributo irá receber o número do  CPF paciente.  Seu conteúdo é obrigatório e será validado de acordo com regras de negócio.]]></comment>
<commentInRDBMS><![CDATA[Esse atributo irá receber o número do  CPF paciente.  Seu conteúdo é obrigatório e será validado de acordo com regras de negócio.]]></commentInRDBMS>
<generatorID>C36FBB84-78EF-D4E7-BCF4-70B5438FF2C6</generatorID>
<ownerDesignName>Projeto_RHSTU_v7</ownerDesignName>
<engineerTo>
<item key="BD52EFD7-AD57-1D29-FBCE-37428351E3D1" value="true"/>
</engineerTo>
<useDomainConstraints>false</useDomainConstraints>
<use>1</use>
<logicalDatatype>LOGDT019</logicalDatatype>
<dataTypePrecision>12</dataTypePrecision>
<ownDataTypeParameters>,12,</ownDataTypeParameters>
</Attribute>
<Attribute name="NM_RG" id="780B9B48-D574-63BA-9645-072E17A2B9A6">
<createdBy>Gustavo Padlipskas</createdBy>
<createdTime>2023-09-25 18:16:15 UTC</createdTime>
<comment><![CDATA[Esse atributo irá receber o número do  RG  paciente.  Seu conteúdo é obrigatório e será validado de acordo com regras de negócio.]]></comment>
<commentInRDBMS><![CDATA[Esse atributo irá receber o número do  RG  paciente.  Seu conteúdo é obrigatório e será validado de acordo com regras de negócio.]]></commentInRDBMS>
<generatorID>E14FA996-8847-4B2C-4588-9D7F3A2E6D89</generatorID>
<ownerDesignName>Projeto_RHSTU_v7</ownerDesignName>
<engineerTo>
<item key="BD52EFD7-AD57-1D29-FBCE-37428351E3D1" value="true"/>
</engineerTo>
<nullsAllowed>true</nullsAllowed>
<useDomainConstraints>false</useDomainConstraints>
<use>1</use>
<logicalDatatype>LOGDT024</logicalDatatype>
<dataTypeSize>15</dataTypeSize>
<ownDataTypeParameters>15,,</ownDataTypeParameters>
</Attribute>
<Attribute name="DT_NASCIMENTO" id="C90D925E-929A-0EFD-80C0-C55EE21AA199">
<createdBy>Gustavo Padlipskas</createdBy>
<createdTime>2023-09-25 18:16:15 UTC</createdTime>
<comment><![CDATA[Esse atributo irá receber a data de nascimento do  paciente.  Seu conteúdo é obrigatório.]]></comment>
<commentInRDBMS><![CDATA[Esse atributo irá receber a data de nascimento do  paciente.  Seu conteúdo é obrigatório.]]></commentInRDBMS>
<generatorID>3FC4AAAE-0E1E-8964-2DF6-6B4D56B18D06</generatorID>
<ownerDesignName>Projeto_RHSTU_v7</ownerDesignName>
<engineerTo>
<item key="BD52EFD7-AD57-1D29-FBCE-37428351E3D1" value="true"/>
</engineerTo>
<useDomainConstraints>false</useDomainConstraints>
<use>1</use>
<logicalDatatype>LOGDT007</logicalDatatype>
<ownDataTypeParameters>,,</ownDataTypeParameters>
</Attribute>
<Attribute name="FL_SEXO_BIOLOGICO" id="FB95615E-A126-0282-5194-E8E1F3DFFA57">
<createdBy>Gustavo Padlipskas</createdBy>
<createdTime>2023-09-25 18:16:15 UTC</createdTime>
<comment><![CDATA[Esse atributo irá receber a flag do sexo biológico de nascimento do Paciente. Os valores possíveis são (F)emea  ou (M)acho ou (I)ntersexual. Seu conteúdo é obrigatório.]]></comment>
<commentInRDBMS><![CDATA[Esse atributo irá receber a flag do sexo biológico de nascimento do Paciente. Os valores possíveis são (F)emea  ou (M)acho ou (I)ntersexual. Seu conteúdo é obrigatório.]]></commentInRDBMS>
<generatorID>63C1B059-3BA2-CBFB-40F5-97515FEF235C</generatorID>
<ownerDesignName>Projeto_RHSTU_v7</ownerDesignName>
<engineerTo>
<item key="BD52EFD7-AD57-1D29-FBCE-37428351E3D1" value="true"/>
</engineerTo>
<constraintName>UK_RHSTU_PACIENTE_SEXOBIO</constraintName>
<useDomainConstraints>false</useDomainConstraints>
<use>1</use>
<logicalDatatype>LOGDT025</logicalDatatype>
<dataTypeSize>1</dataTypeSize>
<listOfValues>
<valueDef value="F" description="Sexo biológico Femea"/>
<valueDef value="I" description="Sexo biológico Intersexual"/>
<valueDef value="M" description="Sexo biológico Macho"/>
</listOfValues>
<ownDataTypeParameters>1,,</ownDataTypeParameters>
</Attribute>
<Attribute name="DS_ESCOLARIDADE" id="56B94559-D0B2-2FE3-0F95-DB5CBE1CE2EA">
<createdBy>Gustavo Padlipskas</createdBy>
<createdTime>2023-09-25 18:16:15 UTC</createdTime>
<comment><![CDATA[Esse atributo irá receber a Escolaridade do  paciente.  Seu conteúdo é obrigatório.]]></comment>
<commentInRDBMS><![CDATA[Esse atributo irá receber a Escolaridade do  paciente.  Seu conteúdo é obrigatório.]]></commentInRDBMS>
<generatorID>AA13362B-D6F8-745E-9938-73809220BEF5</generatorID>
<ownerDesignName>Projeto_RHSTU_v7</ownerDesignName>
<engineerTo>
<item key="BD52EFD7-AD57-1D29-FBCE-37428351E3D1" value="true"/>
</engineerTo>
<useDomainConstraints>false</useDomainConstraints>
<use>1</use>
<logicalDatatype>LOGDT024</logicalDatatype>
<dataTypeSize>40</dataTypeSize>
<ownDataTypeParameters>40,,</ownDataTypeParameters>
</Attribute>
<Attribute name="DS_ESTADO_CIVIL" id="D96B7D52-67A2-C6B9-980F-AF7213515B88">
<createdBy>Gustavo Padlipskas</createdBy>
<createdTime>2023-09-25 18:16:15 UTC</createdTime>
<comment><![CDATA[Esse atributo irá receber o Estado Civil  do  paciente.  Seu conteúdo é obrigatório.]]></comment>
<commentInRDBMS><![CDATA[Esse atributo irá receber o Estado Civil  do  paciente.  Seu conteúdo é obrigatório.]]></commentInRDBMS>
<generatorID>BD2D41A7-9D1A-05DA-7C58-D1E89ECD7BAA</generatorID>
<ownerDesignName>Projeto_RHSTU_v7</ownerDesignName>
<engineerTo>
<item key="BD52EFD7-AD57-1D29-FBCE-37428351E3D1" value="true"/>
</engineerTo>
<useDomainConstraints>false</useDomainConstraints>
<use>1</use>
<logicalDatatype>LOGDT024</logicalDatatype>
<dataTypeSize>25</dataTypeSize>
<ownDataTypeParameters>25,,</ownDataTypeParameters>
</Attribute>
<Attribute name="NM_GRUPO_SANGUINEO" id="8E0724A7-8F4B-3A9B-8A61-144958134A15">
<createdBy>Gustavo Padlipskas</createdBy>
<createdTime>2023-09-25 18:16:15 UTC</createdTime>
<comment><![CDATA[Esse atributo irá receber o grupo sanguineo do  paciente.  Seu conteúdo é obrigatório.]]></comment>
<commentInRDBMS><![CDATA[Esse atributo irá receber o grupo sanguineo do  paciente.  Seu conteúdo é obrigatório.]]></commentInRDBMS>
<generatorID>1479788D-11CE-E30D-B693-03C8DBCA8129</generatorID>
<ownerDesignName>Projeto_RHSTU_v7</ownerDesignName>
<engineerTo>
<item key="BD52EFD7-AD57-1D29-FBCE-37428351E3D1" value="true"/>
</engineerTo>
<useDomainConstraints>false</useDomainConstraints>
<use>1</use>
<logicalDatatype>LOGDT024</logicalDatatype>
<dataTypeSize>6</dataTypeSize>
<ownDataTypeParameters>6,,</ownDataTypeParameters>
</Attribute>
<Attribute name="NR_ALTURA" id="8C360A63-DF4C-D819-0419-179E50D35819">
<createdBy>Gustavo Padlipskas</createdBy>
<createdTime>2023-09-25 18:16:15 UTC</createdTime>
<comment><![CDATA[Esse atributo irá receber a altura do  paciente.  Seu conteúdo é obrigatório e o limite de altura deve ficar entre 0.1 e 2.99.]]></comment>
<commentInRDBMS><![CDATA[Esse atributo irá receber a altura do  paciente.  Seu conteúdo é obrigatório e o limite de altura deve ficar entre 0.1 e 2.99.]]></commentInRDBMS>
<generatorID>43EF2B3D-CB86-DBC6-38C1-8D1556E74A71</generatorID>
<ownerDesignName>Projeto_RHSTU_v7</ownerDesignName>
<engineerTo>
<item key="BD52EFD7-AD57-1D29-FBCE-37428351E3D1" value="true"/>
</engineerTo>
<constraintName>CK_RHSTU_ALTURA_PACIENTE</constraintName>
<useDomainConstraints>false</useDomainConstraints>
<use>1</use>
<logicalDatatype>LOGDT019</logicalDatatype>
<dataTypePrecision>3</dataTypePrecision>
<dataTypeScale>2</dataTypeScale>
<defaultValue>0.1</defaultValue>
<ownDataTypeParameters>,3,2</ownDataTypeParameters>
<listOfRanges>
<rangeDef class="oracle.dbtools.crest.model.design.constraint.AVT">
<beginValue>0.1</beginValue>
<endValue>2.99</endValue>
<description>Altura mínima e máxima de um paciente.</description>
</rangeDef>
</listOfRanges>
</Attribute>
<Attribute name="NR_PESO" id="8368F416-F33C-9F5B-3475-723E8C8EC648">
<createdBy>Gustavo Padlipskas</createdBy>
<createdTime>2023-09-25 18:16:15 UTC</createdTime>
<comment><![CDATA[Esse atributo irá receber o peso  do  paciente.  Seu conteúdo é obrigatório. A faixa de valores permitidos está entre 1 e 800kg.]]></comment>
<commentInRDBMS><![CDATA[Esse atributo irá receber o peso  do  paciente.  Seu conteúdo é obrigatório. A faixa de valores permitidos está entre 1 e 800kg.]]></commentInRDBMS>
<generatorID>699ABA59-4BD4-4B92-9166-C8F721499EF1</generatorID>
<ownerDesignName>Projeto_RHSTU_v7</ownerDesignName>
<engineerTo>
<item key="BD52EFD7-AD57-1D29-FBCE-37428351E3D1" value="true"/>
</engineerTo>
<constraintName>UK_RHSTU_PACIENTE_PESO</constraintName>
<useDomainConstraints>false</useDomainConstraints>
<use>1</use>
<logicalDatatype>LOGDT019</logicalDatatype>
<dataTypePrecision>4</dataTypePrecision>
<dataTypeScale>1</dataTypeScale>
<ownDataTypeParameters>,4,1</ownDataTypeParameters>
<listOfRanges>
<rangeDef class="oracle.dbtools.crest.model.design.constraint.AVT">
<beginValue>1</beginValue>
<endValue>800</endValue>
<description>Valor mínimo e máximo do peso de um paciente.</description>
</rangeDef>
</listOfRanges>
</Attribute>
<Attribute name="DT_CADASTRO" id="22EDDFDE-FA15-ECA1-1127-6C534924A9C7">
<createdBy>Gustavo Padlipskas</createdBy>
<createdTime>2023-09-25 18:16:15 UTC</createdTime>
<comment><![CDATA[ESSE ATRIBUTO RECEBERÁ INFORMAÇÕES SOBRE A DATA DE CADASTRO DA TABELA, SENDO OBRIGATORIO]]></comment>
<commentInRDBMS><![CDATA[esse atributo receberá informações sobre a data de cadastro da tabela, sendo obrigatorio
]]></commentInRDBMS>
<generatorID>0C94C346-E547-6550-0870-9625FB4C2556</generatorID>
<ownerDesignName>Projeto_RHSTU_v7</ownerDesignName>
<engineerTo>
<item key="BD52EFD7-AD57-1D29-FBCE-37428351E3D1" value="true"/>
</engineerTo>
<useDomainConstraints>false</useDomainConstraints>
<use>1</use>
<logicalDatatype>LOGDT008</logicalDatatype>
<ownDataTypeParameters>,,</ownDataTypeParameters>
</Attribute>
<Attribute name="NM_USUARIO" id="ECFBE01B-18F4-3491-7303-00A45CC8CFD7">
<createdBy>Gustavo Padlipskas</createdBy>
<createdTime>2023-09-25 18:16:15 UTC</createdTime>
<comment><![CDATA[ESSE ATRIBUTO RECEBERÁ INFORMAÇÕES SOBRE O NOME DO USUÁRIO QUE REALIZOU O CADASTRO NA TABELA, SENDO OBRIGATÓRIO, CONTENDO 30 CARACTERES]]></comment>
<commentInRDBMS><![CDATA[esse atributo receberá informações sobre o nome do usuário que realizou o cadastro na tabela, sendo obrigatório, contendo 30 caracteres]]></commentInRDBMS>
<generatorID>978DF571-D4E9-E229-93EF-5DE635E30E41</generatorID>
<ownerDesignName>Projeto_RHSTU_v7</ownerDesignName>
<engineerTo>
<item key="BD52EFD7-AD57-1D29-FBCE-37428351E3D1" value="true"/>
</engineerTo>
<useDomainConstraints>false</useDomainConstraints>
<use>1</use>
<logicalDatatype>LOGDT024</logicalDatatype>
<dataTypeSize>30</dataTypeSize>
<ownDataTypeParameters>30,,</ownDataTypeParameters>
</Attribute>
</attributes>
<identifiers itemClass="oracle.dbtools.crest.model.design.logical.CandidateKey">
<identifier id="099CBFE3-44EC-2BD3-19A6-97BECEDC40F1" name="PK_RHSTU_PACIENTE">
<createdBy>Gustavo Padlipskas</createdBy>
<createdTime>2023-09-25 18:16:15 UTC</createdTime>
<generatorID>FB90AF85-FF3F-B27A-CCFD-3FB3682FD12A</generatorID>
<ownerDesignName>Projeto_RHSTU_v7</ownerDesignName>
<engineerTo>
<item key="BD52EFD7-AD57-1D29-FBCE-37428351E3D1" value="true"/>
</engineerTo>
<pk>true</pk>
<usedAttributes>
<attributeRef>CD7A0C5B-F79C-398C-1A3B-FC4FFA019B8B</attributeRef>
</usedAttributes>
</identifier>
<identifier id="D6CFF795-278B-2EAF-292C-78A13AC9F511" name="UK_RHSTU_CPF_PACIENTE">
<createdBy>Gustavo Padlipskas</createdBy>
<createdTime>2023-09-25 18:16:15 UTC</createdTime>
<generatorID>1DE60290-7283-5CB4-A25D-B1E8931567ED</generatorID>
<ownerDesignName>Projeto_RHSTU_v7</ownerDesignName>
<engineerTo>
<item key="BD52EFD7-AD57-1D29-FBCE-37428351E3D1" value="true"/>
</engineerTo>
<usedAttributes>
<attributeRef>01A89101-78EB-54E7-E2EA-38893A959DD5</attributeRef>
</usedAttributes>
</identifier>
<identifier id="1A0BB5ED-382D-C6FC-71B8-A3068EBB983A" name="UK_RHSTU_RG_PACIENTE">
<createdBy>Gustavo Padlipskas</createdBy>
<createdTime>2023-09-25 18:16:15 UTC</createdTime>
<generatorID>36D5C094-7CA7-8709-48AD-BDE7C0C94C32</generatorID>
<ownerDesignName>Projeto_RHSTU_v7</ownerDesignName>
<engineerTo>
<item key="BD52EFD7-AD57-1D29-FBCE-37428351E3D1" value="true"/>
</engineerTo>
<usedAttributes>
<attributeRef>780B9B48-D574-63BA-9645-072E17A2B9A6</attributeRef>
</usedAttributes>
</identifier>
</identifiers>
</Entity>