<?xml version = '1.0' encoding = 'UTF-8'?>
<Relation class="oracle.dbtools.crest.model.design.logical.Relation" name="FK_RHSTU_PAC_CONT" directorySegmentName="seg_0" id="19BCB504-179E-D561-05BD-EE72DDA84022">
<createdBy>Gustavo Padlipskas</createdBy>
<createdTime>2023-09-25 18:16:15 UTC</createdTime>
<generatorID>25BBCBE9-93F3-C3D5-0619-360AA2F8E0BF</generatorID>
<ownerDesignName>Projeto_RHSTU_v7</ownerDesignName>
<engineerTo>
<item key="BD52EFD7-AD57-1D29-FBCE-37428351E3D1" value="true"/>
</engineerTo>
<sourcePk>099CBFE3-44EC-2BD3-19A6-97BECEDC40F1</sourcePk>
<identifying>true</identifying>
<optionalSource>true</optionalSource>
<optionalTarget>false</optionalTarget>
<sourceCardinality>1</sourceCardinality>
<sourceEntity>E29C924A-FC9D-74FE-7C51-77836A98F48D</sourceEntity>
<targetCardinalityString>*</targetCardinalityString>
<targetEntity>3F4B072D-0D19-D213-AA2D-D96EB96F3E10</targetEntity>
<transferable>true</transferable>
<deleteRule>NO ACTION</deleteRule>
</Relation>