<?xml version = '1.0' encoding = 'UTF-8'?>
<Relation class="oracle.dbtools.crest.model.design.logical.Relation" name="FK_RHSTU_PACIENTE_ENDERECO" directorySegmentName="seg_0" id="2FCA7B77-6866-1EC0-8AC3-7A30A136DD89">
<createdBy>Gustavo Padlipskas</createdBy>
<createdTime>2023-09-25 18:16:15 UTC</createdTime>
<generatorID>CB2E6F73-17A8-3B4A-B0BE-12C9E8507212</generatorID>
<ownerDesignName>Projeto_RHSTU_v7</ownerDesignName>
<engineerTo>
<item key="BD52EFD7-AD57-1D29-FBCE-37428351E3D1" value="true"/>
</engineerTo>
<sourcePk>099CBFE3-44EC-2BD3-19A6-97BECEDC40F1</sourcePk>
<identifying>false</identifying>
<optionalSource>true</optionalSource>
<optionalTarget>false</optionalTarget>
<sourceCardinality>1</sourceCardinality>
<sourceEntity>E29C924A-FC9D-74FE-7C51-77836A98F48D</sourceEntity>
<targetCardinalityString>*</targetCardinalityString>
<targetEntity>F63BEAE0-1AA6-4451-AA04-EE7DC0C14320</targetEntity>
<transferable>true</transferable>
<deleteRule>NO ACTION</deleteRule>
</Relation>