<?xml version = '1.0' encoding = 'UTF-8'?>
<Relation class="oracle.dbtools.crest.model.design.logical.Relation" name="FK_RHSTU_CONSULTA_FORMA_PAGTO" directorySegmentName="seg_0" id="58A69B08-8E4B-C61A-0C6C-7B7B42D6F0EA">
<createdBy>Gustavo Padlipskas</createdBy>
<createdTime>2023-09-25 18:16:15 UTC</createdTime>
<generatorID>225DC2D9-B6CF-714A-E768-49925DA42B3A</generatorID>
<ownerDesignName>Projeto_RHSTU_v7</ownerDesignName>
<engineerTo>
<item key="BD52EFD7-AD57-1D29-FBCE-37428351E3D1" value="true"/>
</engineerTo>
<sourcePk>82C8D239-6028-4AD9-C80D-B5931E731101</sourcePk>
<identifying>false</identifying>
<optionalSource>true</optionalSource>
<optionalTarget>false</optionalTarget>
<sourceCardinality>1</sourceCardinality>
<sourceEntity>83DF947A-30A0-CB45-E568-5507A4933E8B</sourceEntity>
<targetCardinalityString>*</targetCardinalityString>
<targetEntity>D908E8B3-D485-2827-8EF3-7E8D0C725695</targetEntity>
<transferable>true</transferable>
<deleteRule>NO ACTION</deleteRule>
</Relation>