<?xml version = '1.0' encoding = 'UTF-8'?>
<Relation class="oracle.dbtools.crest.model.design.logical.Relation" name="FK_RHSTU_FUNC_SUPERIOR" directorySegmentName="seg_0" id="67C3C614-176A-F469-316C-01E502E5BB14">
<createdBy>Gustavo Padlipskas</createdBy>
<createdTime>2023-09-25 18:16:15 UTC</createdTime>
<generatorID>B5D553F9-8CCD-5F82-D3D2-323E2E222388</generatorID>
<ownerDesignName>Projeto_RHSTU_v7</ownerDesignName>
<engineerTo>
<item key="BD52EFD7-AD57-1D29-FBCE-37428351E3D1" value="true"/>
</engineerTo>
<targetPk>9220583F-3496-515B-B1A2-2E3E9839D038</targetPk>
<identifying>false</identifying>
<optionalSource>true</optionalSource>
<optionalTarget>true</optionalTarget>
<sourceCardinality>1</sourceCardinality>
<sourceEntity>ED8E363A-83B5-191F-8134-248048560D59</sourceEntity>
<targetCardinalityString>*</targetCardinalityString>
<targetEntity>ED8E363A-83B5-191F-8134-248048560D59</targetEntity>
<transferable>true</transferable>
<deleteRule>NO ACTION</deleteRule>
</Relation>