<?xml version = '1.0' encoding = 'UTF-8'?>
<Relation class="oracle.dbtools.crest.model.design.logical.Relation" name="FK_RHSTU_PACIENTE_EMAIL" directorySegmentName="seg_0" id="6A318843-EA38-B6CB-154F-69E183DCA39A">
<createdBy>Gustavo Padlipskas</createdBy>
<createdTime>2023-09-25 18:16:15 UTC</createdTime>
<generatorID>CF473485-54AE-44F8-5F85-719AAE716D0A</generatorID>
<ownerDesignName>Projeto_RHSTU_v7</ownerDesignName>
<engineerTo>
<item key="BD52EFD7-AD57-1D29-FBCE-37428351E3D1" value="true"/>
</engineerTo>
<sourcePk>099CBFE3-44EC-2BD3-19A6-97BECEDC40F1</sourcePk>
<identifying>false</identifying>
<optionalSource>true</optionalSource>
<optionalTarget>false</optionalTarget>
<sourceCardinality>1</sourceCardinality>
<sourceEntity>E29C924A-FC9D-74FE-7C51-77836A98F48D</sourceEntity>
<targetCardinalityString>*</targetCardinalityString>
<targetEntity>26294227-862A-3565-AB82-48178B992D47</targetEntity>
<transferable>true</transferable>
<deleteRule>NO ACTION</deleteRule>
</Relation>