<?xml version = '1.0' encoding = 'UTF-8'?>
<Relation class="oracle.dbtools.crest.model.design.logical.Relation" name="FK_RHSTU_TIPO_CONTATO" directorySegmentName="seg_0" id="BE087D75-E8CF-BC2D-F36D-BCF8B599FBA6">
<createdBy>Gustavo Padlipskas</createdBy>
<createdTime>2023-09-25 18:16:15 UTC</createdTime>
<generatorID>D9D35ED0-B6DD-F094-A9D4-02436111FD85</generatorID>
<ownerDesignName>Projeto_RHSTU_v7</ownerDesignName>
<engineerTo>
<item key="BD52EFD7-AD57-1D29-FBCE-37428351E3D1" value="true"/>
</engineerTo>
<sourcePk>7ADCEC06-3FC8-684C-BC59-43C54BD64CC0</sourcePk>
<identifying>false</identifying>
<optionalSource>true</optionalSource>
<optionalTarget>false</optionalTarget>
<sourceCardinality>1</sourceCardinality>
<sourceEntity>1A3224BD-AB2B-59FE-B548-B9D564194B0B</sourceEntity>
<targetCardinalityString>*</targetCardinalityString>
<targetEntity>3F4B072D-0D19-D213-AA2D-D96EB96F3E10</targetEntity>
<transferable>true</transferable>
<deleteRule>NO ACTION</deleteRule>
</Relation>