<?xml version = '1.0' encoding = 'UTF-8'?>
<Relation class="oracle.dbtools.crest.model.design.logical.Relation" name="FK_RHSTU_PAC_CONSULTA" directorySegmentName="seg_0" id="CC93CEE7-60D6-D62B-36FB-69AAFF22030F">
<createdBy>Gustavo Padlipskas</createdBy>
<createdTime>2023-09-25 18:16:15 UTC</createdTime>
<generatorID>B864D6DA-57E3-4F1E-796F-599E78E9D6A0</generatorID>
<ownerDesignName>Projeto_RHSTU_v7</ownerDesignName>
<engineerTo>
<item key="BD52EFD7-AD57-1D29-FBCE-37428351E3D1" value="true"/>
</engineerTo>
<sourcePk>099CBFE3-44EC-2BD3-19A6-97BECEDC40F1</sourcePk>
<identifying>false</identifying>
<optionalSource>true</optionalSource>
<optionalTarget>false</optionalTarget>
<sourceCardinality>1</sourceCardinality>
<sourceEntity>E29C924A-FC9D-74FE-7C51-77836A98F48D</sourceEntity>
<targetCardinalityString>*</targetCardinalityString>
<targetEntity>83DF947A-30A0-CB45-E568-5507A4933E8B</targetEntity>
<transferable>true</transferable>
<deleteRule>NO ACTION</deleteRule>
</Relation>