<?xml version = '1.0' encoding = 'UTF-8'?>
<Table class="oracle.dbtools.crest.model.design.relational.Table" directorySegmentName="seg_0" id="093A2493-CB1A-9D6C-39F9-8D9868215D2A" name="T_RHSTU_PLANO_SAUDE">
<createdBy>Gustavo Padlipskas</createdBy>
<createdTime>2023-09-20 11:54:58 UTC</createdTime>
<generatorID>79FECE95-CF66-DB38-4C06-AF9CA83F1DA9</generatorID>
<ownerDesignName>Projeto_RHSTU_v7</ownerDesignName>
<allowColumnReorder>false</allowColumnReorder>
<existDependencyGenerateInDDl>true</existDependencyGenerateInDDl>
<parsed>true</parsed>
<columns itemClass="oracle.dbtools.crest.model.design.relational.Column">
<Column name="ID_PLANO_SAUDE" id="15BFFF83-130A-5DF2-91E5-139C34AE12C5">
<createdBy>Gustavo Padlipskas</createdBy>
<createdTime>2023-09-20 11:54:58 UTC</createdTime>
<comment><![CDATA[Esse atributo irá receber a chave primária do plano de saúde. Esse número é sequencial e gerado automaticamente pelo sistema. Seu conteúdo é obrigatório.]]></comment>
<commentInRDBMS><![CDATA[Esse atributo irá receber a chave primária do plano de saúde. Esse número é sequencial e gerado automaticamente pelo sistema. Seu conteúdo é obrigatório.]]></commentInRDBMS>
<generatorID>E40D7012-4CE7-F19C-25A9-4951C8D0B3B5</generatorID>
<ownerDesignName>Projeto_RHSTU_v7</ownerDesignName>
<useDomainConstraints>false</useDomainConstraints>
<use>1</use>
<logicalDatatype>LOGDT019</logicalDatatype>
<dataTypePrecision>5</dataTypePrecision>
<ownDataTypeParameters>,5,</ownDataTypeParameters>
<autoIncrementCycle>false</autoIncrementCycle>
</Column>
<Column name="DS_RAZAO_SOCIAL" id="CFABB30F-D83F-B38A-A10B-8BA40F2BB89B">
<createdBy>Gustavo Padlipskas</createdBy>
<createdTime>2023-09-20 11:54:58 UTC</createdTime>
<comment><![CDATA[Esse atributo irá receber Razão Social do plano de saúde aceito na RHSTU. Seu conteúdo é obrigatório.]]></comment>
<commentInRDBMS><![CDATA[Esse atributo irá receber Razão Social do plano de saúde aceito na RHSTU. Seu conteúdo é obrigatório.]]></commentInRDBMS>
<generatorID>3BD6BF87-0C20-C94A-70E3-02554EC05C3C</generatorID>
<ownerDesignName>Projeto_RHSTU_v7</ownerDesignName>
<useDomainConstraints>false</useDomainConstraints>
<use>1</use>
<logicalDatatype>LOGDT024</logicalDatatype>
<dataTypeSize>70</dataTypeSize>
<ownDataTypeParameters>70,,</ownDataTypeParameters>
<autoIncrementCycle>false</autoIncrementCycle>
</Column>
<Column name="NM_FANTASIA_PLANO_SAUDE" id="4BB9A02E-F293-CECC-1D18-1B2BE9245045">
<createdBy>Gustavo Padlipskas</createdBy>
<createdTime>2023-09-20 11:54:58 UTC</createdTime>
<comment><![CDATA[Esse atributo irá receber o nome Fantasia do plano de saúde aceito na RHSTU. Seu conteúdo é opcional.]]></comment>
<commentInRDBMS><![CDATA[Esse atributo irá receber o nome Fantasia do plano de saúde aceito na RHSTU. Seu conteúdo é opcional.]]></commentInRDBMS>
<generatorID>B179C357-52FE-133B-9AE7-60FFFEAD01BA</generatorID>
<ownerDesignName>Projeto_RHSTU_v7</ownerDesignName>
<nullsAllowed>true</nullsAllowed>
<useDomainConstraints>false</useDomainConstraints>
<use>1</use>
<logicalDatatype>LOGDT024</logicalDatatype>
<dataTypeSize>80</dataTypeSize>
<ownDataTypeParameters>80,,</ownDataTypeParameters>
<autoIncrementCycle>false</autoIncrementCycle>
</Column>
<Column name="DS_PLANO_SAUDE" id="6ADCF397-20BA-182F-BD05-82C15AD5DD18">
<createdBy>Gustavo Padlipskas</createdBy>
<createdTime>2023-09-20 11:54:58 UTC</createdTime>
<comment><![CDATA[Esse atributo irá receber a descrição do  plano de saúde aceito na RHSTU. Seu conteúdo é obrigatório.]]></comment>
<commentInRDBMS><![CDATA[Esse atributo irá receber a descrição do  plano de saúde aceito na RHSTU. Seu conteúdo é obrigatório.]]></commentInRDBMS>
<generatorID>975427DC-B8E4-13C3-A220-10810268B583</generatorID>
<ownerDesignName>Projeto_RHSTU_v7</ownerDesignName>
<useDomainConstraints>false</useDomainConstraints>
<use>1</use>
<logicalDatatype>LOGDT024</logicalDatatype>
<dataTypeSize>100</dataTypeSize>
<ownDataTypeParameters>100,,</ownDataTypeParameters>
<autoIncrementCycle>false</autoIncrementCycle>
</Column>
<Column name="NR_CNPJ" id="58B47AA5-B98C-87BF-E546-46EAD8B1F4BA">
<createdBy>Gustavo Padlipskas</createdBy>
<createdTime>2023-09-20 11:54:58 UTC</createdTime>
<comment><![CDATA[Esse atributo irá receber o numero do CNPJ do plano de saúde aceito na RHSTU. Seu conteúdo é obrigatório.]]></comment>
<commentInRDBMS><![CDATA[Esse atributo irá receber o numero do CNPJ do plano de saúde aceito na RHSTU. Seu conteúdo é obrigatório.]]></commentInRDBMS>
<generatorID>E5F89278-8A88-476E-BC8E-B1C16BE37BEE</generatorID>
<ownerDesignName>Projeto_RHSTU_v7</ownerDesignName>
<useDomainConstraints>false</useDomainConstraints>
<use>1</use>
<logicalDatatype>LOGDT019</logicalDatatype>
<dataTypePrecision>14</dataTypePrecision>
<ownDataTypeParameters>,14,</ownDataTypeParameters>
<autoIncrementCycle>false</autoIncrementCycle>
</Column>
<Column name="NM_CONTATO" id="C866C12D-CA16-C501-543A-6B27934C482B">
<createdBy>Gustavo Padlipskas</createdBy>
<createdTime>2023-09-20 11:54:58 UTC</createdTime>
<comment><![CDATA[Esse atributo irá receber o nome  do contato dentro do plano de saúde aceito na RHSTU. Seu conteúdo é obrigatório.]]></comment>
<commentInRDBMS><![CDATA[Esse atributo irá receber o nome  do contato dentro do plano de saúde aceito na RHSTU. Seu conteúdo é obrigatório.]]></commentInRDBMS>
<generatorID>0C21C6E8-AA7C-6AFE-0CCA-6FB5993DCBB5</generatorID>
<ownerDesignName>Projeto_RHSTU_v7</ownerDesignName>
<nullsAllowed>true</nullsAllowed>
<useDomainConstraints>false</useDomainConstraints>
<use>1</use>
<logicalDatatype>LOGDT024</logicalDatatype>
<dataTypeSize>30</dataTypeSize>
<ownDataTypeParameters>30,,</ownDataTypeParameters>
<autoIncrementCycle>false</autoIncrementCycle>
</Column>
<Column name="DS_TELEFONE" id="7DF71748-DADF-DF69-5D9F-FFD504626940">
<createdBy>Gustavo Padlipskas</createdBy>
<createdTime>2023-09-20 11:54:58 UTC</createdTime>
<comment><![CDATA[Esse atributo irá receber os dados do telefone para contato no plano de saúde aceito na RHSTU. Seu conteúdo é opcional.]]></comment>
<commentInRDBMS><![CDATA[Esse atributo irá receber os dados do telefone para contato no plano de saúde aceito na RHSTU. Seu conteúdo é opcional.]]></commentInRDBMS>
<generatorID>61D1993B-8D1D-CCD9-5EE6-924B2090D5CF</generatorID>
<ownerDesignName>Projeto_RHSTU_v7</ownerDesignName>
<nullsAllowed>true</nullsAllowed>
<useDomainConstraints>false</useDomainConstraints>
<use>1</use>
<logicalDatatype>LOGDT024</logicalDatatype>
<dataTypeSize>30</dataTypeSize>
<ownDataTypeParameters>30,,</ownDataTypeParameters>
<autoIncrementCycle>false</autoIncrementCycle>
</Column>
<Column name="DT_INICIO" id="1A47BE49-C3A4-DC61-51AF-19A3BF7CF7A3">
<createdBy>Gustavo Padlipskas</createdBy>
<createdTime>2023-09-20 11:54:58 UTC</createdTime>
<comment><![CDATA[Esse atributo irá receber a data de início para atendimento do plano de saúde aceito na RHSTU. Seu conteúdo é opcional.]]></comment>
<commentInRDBMS><![CDATA[Esse atributo irá receber a data de início para atendimento do plano de saúde aceito na RHSTU. Seu conteúdo é opcional.]]></commentInRDBMS>
<generatorID>2CBCBFFD-83CC-3BED-3A9D-73DB3F1D5F29</generatorID>
<ownerDesignName>Projeto_RHSTU_v7</ownerDesignName>
<useDomainConstraints>false</useDomainConstraints>
<use>1</use>
<logicalDatatype>LOGDT007</logicalDatatype>
<ownDataTypeParameters>,,</ownDataTypeParameters>
<autoIncrementCycle>false</autoIncrementCycle>
</Column>
<Column name="DT_FIM" id="154B39A0-0BD2-0DF5-B1A1-33BF95607BED">
<createdBy>Gustavo Padlipskas</createdBy>
<createdTime>2023-09-20 11:54:58 UTC</createdTime>
<comment><![CDATA[Esse atributo irá receber a data de encerramento do plano de saúde aceito na RHSTU. Seu conteúdo é opcional.]]></comment>
<commentInRDBMS><![CDATA[Esse atributo irá receber a data de encerramento do plano de saúde aceito na RHSTU. Seu conteúdo é opcional.]]></commentInRDBMS>
<generatorID>08E2CB71-0533-734C-ABE8-F5DF6EF4CA04</generatorID>
<ownerDesignName>Projeto_RHSTU_v7</ownerDesignName>
<nullsAllowed>true</nullsAllowed>
<useDomainConstraints>false</useDomainConstraints>
<use>1</use>
<logicalDatatype>LOGDT007</logicalDatatype>
<ownDataTypeParameters>,,</ownDataTypeParameters>
<autoIncrementCycle>false</autoIncrementCycle>
</Column>
<Column name="DT_CADASTRO" id="EE8AB66C-47F0-29E7-DC07-B96A90E63EBC">
<createdBy>Gustavo Padlipskas</createdBy>
<createdTime>2023-09-20 11:54:58 UTC</createdTime>
<comment><![CDATA[ESSE ATRIBUTO RECEBERÁ INFORMAÇÕES SOBRE A DATA DE CADASTRO DA TABELA, SENDO OBRIGATORIO]]></comment>
<commentInRDBMS><![CDATA[esse atributo receberá informações sobre a data de cadastro da tabela, sendo obrigatorio
]]></commentInRDBMS>
<generatorID>2D613B4F-A913-A937-D869-D6ADC00F6948</generatorID>
<ownerDesignName>Projeto_RHSTU_v7</ownerDesignName>
<useDomainConstraints>false</useDomainConstraints>
<use>1</use>
<logicalDatatype>LOGDT008</logicalDatatype>
<ownDataTypeParameters>,,</ownDataTypeParameters>
<autoIncrementCycle>false</autoIncrementCycle>
</Column>
<Column name="NM_USUARIO" id="17D46CB5-3A99-4128-DA20-3E3C93F88926">
<createdBy>Gustavo Padlipskas</createdBy>
<createdTime>2023-09-20 11:54:58 UTC</createdTime>
<comment><![CDATA[ESSE ATRIBUTO RECEBERÁ INFORMAÇÕES SOBRE O NOME DO USUÁRIO QUE REALIZOU O CADASTRO NA TABELA, SENDO OBRIGATÓRIO, CONTENDO 30 CARACTERES]]></comment>
<commentInRDBMS><![CDATA[esse atributo receberá informações sobre o nome do usuário que realizou o cadastro na tabela, sendo obrigatório, contendo 30 caracteres]]></commentInRDBMS>
<generatorID>6AD4AFCD-BE8E-A8E7-6DAC-D26C9264F493</generatorID>
<ownerDesignName>Projeto_RHSTU_v7</ownerDesignName>
<useDomainConstraints>false</useDomainConstraints>
<use>1</use>
<logicalDatatype>LOGDT024</logicalDatatype>
<dataTypeSize>30</dataTypeSize>
<ownDataTypeParameters>30,,</ownDataTypeParameters>
<autoIncrementCycle>false</autoIncrementCycle>
</Column>
</columns>
<indexes itemClass="oracle.dbtools.crest.model.design.relational.Index">
<ind_PK_UK id="A02077A2-14E3-038D-BEB7-1A65DAC38282" name="PK_RHSTU_PLANO_SAUDE">
<createdBy>Gustavo Padlipskas</createdBy>
<createdTime>2023-09-20 11:54:58 UTC</createdTime>
<generatorID>BEDCCAD8-64CB-CF32-3D30-ED85E07CAA9F</generatorID>
<ownerDesignName>Projeto_RHSTU_v7</ownerDesignName>
<pk>true</pk>
<indexState>Primary Constraint</indexState>
<isSurrogateKey>false</isSurrogateKey>
<indexColumnUsage>
<colUsage columnID="15BFFF83-130A-5DF2-91E5-139C34AE12C5"/>
</indexColumnUsage>
</ind_PK_UK>
</indexes>
</Table>