<?xml version = '1.0' encoding = 'UTF-8'?>
<Table class="oracle.dbtools.crest.model.design.relational.Table" directorySegmentName="seg_0" id="1A28EEB4-8964-7126-CA87-96C8569EED73" name="T_RHSTU_CONSULTA">
<createdBy>Gustavo Padlipskas</createdBy>
<createdTime>2023-09-20 11:54:58 UTC</createdTime>
<generatorID>31723517-2989-D028-7B9E-D4C226A4767D</generatorID>
<ownerDesignName>Projeto_RHSTU_v7</ownerDesignName>
<allowColumnReorder>false</allowColumnReorder>
<existDependencyGenerateInDDl>true</existDependencyGenerateInDDl>
<parsed>true</parsed>
<columns itemClass="oracle.dbtools.crest.model.design.relational.Column">
<Column name="ID_UNID_HOSPITAL" id="A78132E7-122A-91BF-D44C-B0C09FBF7A2A">
<createdBy>Gustavo Padlipskas</createdBy>
<createdTime>2023-09-20 11:54:58 UTC</createdTime>
<comment><![CDATA[Esse atributo irá receber a chave primária da Unidade Hospitalar. Esse número é sequencia e gerado automaticamente pelo sistema. Seu conteúdo é obrigatório.]]></comment>
<commentInRDBMS><![CDATA[Esse atributo irá receber a chave primária da Unidade Hospitalar. Esse número é sequencia e gerado automaticamente pelo sistema. Seu conteúdo é obrigatório.]]></commentInRDBMS>
<generatorID>B6C488CB-AE82-A793-0536-0FCACEBB3861</generatorID>
<ownerDesignName>Projeto_RHSTU_v7</ownerDesignName>
<useDomainConstraints>false</useDomainConstraints>
<use>1</use>
<logicalDatatype>LOGDT019</logicalDatatype>
<dataTypePrecision>9</dataTypePrecision>
<ownDataTypeParameters>,,</ownDataTypeParameters>
<previousColumn>false</previousColumn>
<autoIncrementCycle>false</autoIncrementCycle>
<associations>
<colAssociation fkAssociation="03A326C7-921B-397D-5CF9-03EB49216532" referredColumn="9C20FCD9-BFE3-EAE1-8A77-FB1E1B201C1B"/>
</associations>
</Column>
<Column name="ID_CONSULTA" id="0C3036F2-73F3-564A-4DC6-DDFDB1049F15">
<createdBy>Gustavo Padlipskas</createdBy>
<createdTime>2023-09-20 11:54:58 UTC</createdTime>
<comment><![CDATA[ESSE ATRIBUTO RECEBERÁ DADOS DO ID DA CONSULTA, SENDO GERADO SEQUENCIALMENTE]]></comment>
<commentInRDBMS><![CDATA[ESSE ATRIBUTO RECEBERÁ DADOS DO ID DA CONSULTA, SENDO GERADO SEQUENCIALMENTE]]></commentInRDBMS>
<generatorID>4DC2BBD4-5844-F984-AA0B-B83576D7F211</generatorID>
<ownerDesignName>Projeto_RHSTU_v7</ownerDesignName>
<useDomainConstraints>false</useDomainConstraints>
<use>1</use>
<logicalDatatype>LOGDT019</logicalDatatype>
<dataTypePrecision>10</dataTypePrecision>
<ownDataTypeParameters>,10,</ownDataTypeParameters>
<autoIncrementCycle>false</autoIncrementCycle>
</Column>
<Column name="ID_PACIENTE" id="4D61D70E-F4A9-926C-511B-6F802E451894">
<createdBy>Gustavo Padlipskas</createdBy>
<createdTime>2023-09-20 11:54:58 UTC</createdTime>
<comment><![CDATA[Esse atributo irá receber a chave primária do paciente. Esse número é sequencial e gerado automaticamente pelo sistema. Seu conteúdo é obrigatório.]]></comment>
<commentInRDBMS><![CDATA[Esse atributo irá receber a chave primária do paciente. Esse número é sequencial e gerado automaticamente pelo sistema. Seu conteúdo é obrigatório.]]></commentInRDBMS>
<generatorID>AE16BCCF-B954-6824-F7DB-300D2318D9B2</generatorID>
<ownerDesignName>Projeto_RHSTU_v7</ownerDesignName>
<useDomainConstraints>false</useDomainConstraints>
<use>1</use>
<logicalDatatype>LOGDT019</logicalDatatype>
<dataTypePrecision>9</dataTypePrecision>
<ownDataTypeParameters>,,</ownDataTypeParameters>
<previousColumn>false</previousColumn>
<autoIncrementCycle>false</autoIncrementCycle>
<associations>
<colAssociation fkAssociation="B864D6DA-57E3-4F1E-796F-599E78E9D6A0" referredColumn="60941392-A935-FD1A-60EC-A90E894F599F"/>
</associations>
</Column>
<Column name="ID_FUNC" id="25E42114-9FAC-05AC-344A-BA80755CA438">
<createdBy>Gustavo Padlipskas</createdBy>
<createdTime>2023-09-20 11:54:58 UTC</createdTime>
<comment><![CDATA[Esse atributo irá receber a chave primária do médico. Esse número é sequencial e gerado automaticamente pelo sistema. Seu conteúdo é obrigatório.]]></comment>
<commentInRDBMS><![CDATA[Esse atributo irá receber a chave primária do médico. Esse número é sequencial e gerado automaticamente pelo sistema. Seu conteúdo é obrigatório.]]></commentInRDBMS>
<generatorID>4ADC3A8B-EDCB-8300-F9D5-2595EE930581</generatorID>
<ownerDesignName>Projeto_RHSTU_v7</ownerDesignName>
<useDomainConstraints>false</useDomainConstraints>
<use>1</use>
<logicalDatatype>LOGDT019</logicalDatatype>
<dataTypePrecision>10</dataTypePrecision>
<ownDataTypeParameters>,,</ownDataTypeParameters>
<previousColumn>false</previousColumn>
<autoIncrementCycle>false</autoIncrementCycle>
<associations>
<colAssociation fkAssociation="6475FB1E-4B73-BBA5-0201-F3145983579C" referredColumn="74FD706E-6D05-5A32-F74A-D3BAE51408BA"/>
</associations>
</Column>
<Column name="DT_HR_CONSULTA" id="DDB15529-ECB2-FE62-B547-E27316327E3D">
<createdBy>Gustavo Padlipskas</createdBy>
<createdTime>2023-09-20 11:54:58 UTC</createdTime>
<comment><![CDATA[ESSE ATRIBUTO RECEBERÁ DADOS SOBRE A DATA E HORA DA CONSULTA, SENDO OBRIGATÓRIO]]></comment>
<commentInRDBMS><![CDATA[ESSE ATRIBUTO RECEBERÁ DADOS SOBRE A DATA E HORA DA CONSULTA, SENDO OBRIGATÓRIO]]></commentInRDBMS>
<generatorID>E984FC82-E115-71C8-5FDA-85BB1A35804F</generatorID>
<ownerDesignName>Projeto_RHSTU_v7</ownerDesignName>
<useDomainConstraints>false</useDomainConstraints>
<use>1</use>
<logicalDatatype>LOGDT007</logicalDatatype>
<ownDataTypeParameters>,,</ownDataTypeParameters>
<autoIncrementCycle>false</autoIncrementCycle>
</Column>
<Column name="NR_CONSULTORIO" id="D19E5020-6C23-4BFB-8B54-149DD839F67C">
<createdBy>Gustavo Padlipskas</createdBy>
<createdTime>2023-09-20 11:54:58 UTC</createdTime>
<comment><![CDATA[ESSE ATRIBUTO RECEBERÁ DADOS SOBRE O NUMERO DO CONSULTÓRIO EM QUE A CONSULTA SERÁ FEITA, SENDO OBRIGATÓRIO]]></comment>
<commentInRDBMS><![CDATA[ESSE ATRIBUTO RECEBERÁ DADOS SOBRE O NUMERO DO CONSULTÓRIO EM QUE A CONSULTA SERÁ FEITA, SENDO OBRIGATÓRIO]]></commentInRDBMS>
<generatorID>27D923EF-8051-DAC9-6DAC-2BE39E00AAB0</generatorID>
<ownerDesignName>Projeto_RHSTU_v7</ownerDesignName>
<useDomainConstraints>false</useDomainConstraints>
<use>1</use>
<logicalDatatype>LOGDT019</logicalDatatype>
<dataTypePrecision>5</dataTypePrecision>
<ownDataTypeParameters>,5,</ownDataTypeParameters>
<autoIncrementCycle>false</autoIncrementCycle>
</Column>
<Column name="DT_CADASTRO" id="1FDD178A-79B4-5114-5176-4A51B789789F">
<createdBy>Gustavo Padlipskas</createdBy>
<createdTime>2023-09-20 11:54:58 UTC</createdTime>
<comment><![CDATA[ESSE ATRIBUTO RECEBERÁ INFORMAÇÕES SOBRE A DATA DE CADASTRO DA TABELA, SENDO OBRIGATORIO]]></comment>
<commentInRDBMS><![CDATA[esse atributo receberá informações sobre a data de cadastro da tabela, sendo obrigatorio
]]></commentInRDBMS>
<generatorID>6449B0AF-0130-3D19-3597-C3F954D81167</generatorID>
<ownerDesignName>Projeto_RHSTU_v7</ownerDesignName>
<useDomainConstraints>false</useDomainConstraints>
<use>1</use>
<logicalDatatype>LOGDT008</logicalDatatype>
<ownDataTypeParameters>,,</ownDataTypeParameters>
<autoIncrementCycle>false</autoIncrementCycle>
</Column>
<Column name="NM_USUARIO" id="7C6613ED-85EC-95FE-B1C9-FDBBB5640B5C">
<createdBy>Gustavo Padlipskas</createdBy>
<createdTime>2023-09-20 11:54:58 UTC</createdTime>
<comment><![CDATA[ESSE ATRIBUTO RECEBERÁ INFORMAÇÕES SOBRE O NOME DO USUÁRIO QUE REALIZOU O CADASTRO NA TABELA, SENDO OBRIGATÓRIO, CONTENDO 30 CARACTERES]]></comment>
<commentInRDBMS><![CDATA[esse atributo receberá informações sobre o nome do usuário que realizou o cadastro na tabela, sendo obrigatório, contendo 30 caracteres]]></commentInRDBMS>
<generatorID>3DCAD22D-731D-3C55-C818-AC8A24C49874</generatorID>
<ownerDesignName>Projeto_RHSTU_v7</ownerDesignName>
<useDomainConstraints>false</useDomainConstraints>
<use>1</use>
<logicalDatatype>LOGDT024</logicalDatatype>
<dataTypeSize>30</dataTypeSize>
<ownDataTypeParameters>30,,</ownDataTypeParameters>
<autoIncrementCycle>false</autoIncrementCycle>
</Column>
</columns>
<indexes itemClass="oracle.dbtools.crest.model.design.relational.Index">
<ind_PK_UK id="49050857-4E58-3A12-4D4F-128B7DA19C4D" name="PK_RHSTU_CONSULTA">
<createdBy>Gustavo Padlipskas</createdBy>
<createdTime>2023-09-20 11:54:58 UTC</createdTime>
<generatorID>94012AC5-2823-C905-42C8-C02D1BAAFCE4</generatorID>
<ownerDesignName>Projeto_RHSTU_v7</ownerDesignName>
<pk>true</pk>
<indexState>Primary Constraint</indexState>
<isSurrogateKey>false</isSurrogateKey>
<indexColumnUsage>
<colUsage columnID="0C3036F2-73F3-564A-4DC6-DDFDB1049F15"/>
<colUsage columnID="A78132E7-122A-91BF-D44C-B0C09FBF7A2A"/>
</indexColumnUsage>
</ind_PK_UK>
<ind_PK_UK id="940293D8-083A-0A39-EED7-5C54532C6865" name="FK_RHSTU_MED_CONSULTA">
<createdBy>Gustavo Padlipskas</createdBy>
<createdTime>2023-09-20 11:54:58 UTC</createdTime>
<generatorID>D2E39926-C7CB-40C3-CCFE-0A79C9A7B3BB</generatorID>
<ownerDesignName>Projeto_RHSTU_v7</ownerDesignName>
<indexState>Foreign Key</indexState>
<isSurrogateKey>false</isSurrogateKey>
<indexColumnUsage>
<colUsage columnID="25E42114-9FAC-05AC-344A-BA80755CA438"/>
</indexColumnUsage>
</ind_PK_UK>
<ind_PK_UK id="11FCFF48-3314-0333-774C-64D5D396019D" name="FK_RHSTU_PAC_CONSULTA">
<createdBy>Gustavo Padlipskas</createdBy>
<createdTime>2023-09-20 11:54:58 UTC</createdTime>
<generatorID>911D582F-E5D9-B53A-08A1-2336487045C2</generatorID>
<ownerDesignName>Projeto_RHSTU_v7</ownerDesignName>
<indexState>Foreign Key</indexState>
<isSurrogateKey>false</isSurrogateKey>
<indexColumnUsage>
<colUsage columnID="4D61D70E-F4A9-926C-511B-6F802E451894"/>
</indexColumnUsage>
</ind_PK_UK>
<ind_PK_UK id="671EDF45-3640-63A1-689A-CE5EE3A7BB2B" name="FK_RHSTU_UNID_HOSP_CONSULTA">
<createdBy>Gustavo Padlipskas</createdBy>
<createdTime>2023-09-20 11:54:58 UTC</createdTime>
<generatorID>A13A1EBB-693F-9AEF-C9E5-3E59D154F9D3</generatorID>
<ownerDesignName>Projeto_RHSTU_v7</ownerDesignName>
<indexState>Foreign Key</indexState>
<isSurrogateKey>false</isSurrogateKey>
<indexColumnUsage>
<colUsage columnID="A78132E7-122A-91BF-D44C-B0C09FBF7A2A"/>
</indexColumnUsage>
</ind_PK_UK>
</indexes>
</Table>