<?xml version = '1.0' encoding = 'UTF-8'?>
<Table class="oracle.dbtools.crest.model.design.relational.Table" directorySegmentName="seg_0" id="71E5F048-6A6B-822E-C07B-1E7604CBDD4A" name="T_RHSTU_CONTATO_PACIENTE">
<createdBy>Gustavo Padlipskas</createdBy>
<createdTime>2023-09-20 11:54:58 UTC</createdTime>
<generatorID>1A38783D-A6E3-011F-AE94-7991B8C23B12</generatorID>
<ownerDesignName>Projeto_RHSTU_v7</ownerDesignName>
<allowColumnReorder>false</allowColumnReorder>
<existDependencyGenerateInDDl>true</existDependencyGenerateInDDl>
<parsed>true</parsed>
<columns itemClass="oracle.dbtools.crest.model.design.relational.Column">
<Column name="ID_PACIENTE" id="74A4BED6-CE50-C2C7-5CF0-81334172CD1C">
<createdBy>Gustavo Padlipskas</createdBy>
<createdTime>2023-09-20 11:54:58 UTC</createdTime>
<comment><![CDATA[Esse atributo irá receber a chave primária do paciente. Esse número é sequencial e gerado automaticamente pelo sistema. Seu conteúdo é obrigatório.]]></comment>
<commentInRDBMS><![CDATA[Esse atributo irá receber a chave primária do paciente. Esse número é sequencial e gerado automaticamente pelo sistema. Seu conteúdo é obrigatório.]]></commentInRDBMS>
<generatorID>1C64CBCB-A234-0861-938D-0EB064629329</generatorID>
<ownerDesignName>Projeto_RHSTU_v7</ownerDesignName>
<useDomainConstraints>false</useDomainConstraints>
<use>1</use>
<logicalDatatype>LOGDT019</logicalDatatype>
<dataTypePrecision>9</dataTypePrecision>
<ownDataTypeParameters>,,</ownDataTypeParameters>
<previousColumn>false</previousColumn>
<autoIncrementCycle>false</autoIncrementCycle>
<associations>
<colAssociation fkAssociation="25BBCBE9-93F3-C3D5-0619-360AA2F8E0BF" referredColumn="60941392-A935-FD1A-60EC-A90E894F599F"/>
</associations>
</Column>
<Column name="ID_CONTATO" id="EA979238-DF38-B189-8660-D5A555E03BA8">
<createdBy>Gustavo Padlipskas</createdBy>
<createdTime>2023-09-20 11:54:58 UTC</createdTime>
<comment><![CDATA[Esse atributo irá receber a chave primária do contato do paciente. Esse número é sequencial e inicia sempre com 1 a partir do id do paciente e é gerado automaticamente pelo sistema. Seu conteúdo é obrigatório.]]></comment>
<commentInRDBMS><![CDATA[Esse atributo irá receber a chave primária do contato do paciente. Esse número é sequencial e inicia sempre com 1 a partir do id do paciente e é gerado automaticamente pelo sistema. Seu conteúdo é obrigatório.]]></commentInRDBMS>
<generatorID>C60797BE-4119-9129-B14A-88739D575B56</generatorID>
<ownerDesignName>Projeto_RHSTU_v7</ownerDesignName>
<useDomainConstraints>false</useDomainConstraints>
<use>1</use>
<logicalDatatype>LOGDT019</logicalDatatype>
<dataTypePrecision>9</dataTypePrecision>
<ownDataTypeParameters>,9,</ownDataTypeParameters>
<autoIncrementCycle>false</autoIncrementCycle>
</Column>
<Column name="ID_TIPO_CONTATO" id="70A59A03-E0F1-8123-3015-8FF61942EEF3">
<createdBy>Gustavo Padlipskas</createdBy>
<createdTime>2023-09-20 11:54:58 UTC</createdTime>
<comment><![CDATA[Esse atributo irá receber a chave primária do tipo do contato. Esse número é sequencial e gerado automaticamente pelo sistema. Seu conteúdo é obrigatório.]]></comment>
<commentInRDBMS><![CDATA[Esse atributo irá receber a chave primária do tipo do contato. Esse número é sequencial e gerado automaticamente pelo sistema. Seu conteúdo é obrigatório.]]></commentInRDBMS>
<generatorID>894D4DF0-1BF7-ADC3-9CEB-77AAC83B16AA</generatorID>
<ownerDesignName>Projeto_RHSTU_v7</ownerDesignName>
<useDomainConstraints>false</useDomainConstraints>
<use>1</use>
<logicalDatatype>LOGDT019</logicalDatatype>
<dataTypePrecision>5</dataTypePrecision>
<ownDataTypeParameters>,,</ownDataTypeParameters>
<previousColumn>false</previousColumn>
<autoIncrementCycle>false</autoIncrementCycle>
<associations>
<colAssociation fkAssociation="D9D35ED0-B6DD-F094-A9D4-02436111FD85" referredColumn="C7A1FAE5-1C27-36E7-4276-CD0E8C3193F1"/>
</associations>
</Column>
<Column name="NM_CONTATO" id="542FD0D9-DDC5-F2CE-BEF8-FB05EFC89017">
<createdBy>Gustavo Padlipskas</createdBy>
<createdTime>2023-09-20 11:54:58 UTC</createdTime>
<comment><![CDATA[Este atributo irá receber o nome do contato do paciente. Seu conteudo é obrigatório.]]></comment>
<commentInRDBMS><![CDATA[Este atributo irá receber o nome do contato do paciente. Seu conteudo é obrigatório.]]></commentInRDBMS>
<generatorID>11C8FA5C-8E33-3243-4E99-FAED8A12A931</generatorID>
<ownerDesignName>Projeto_RHSTU_v7</ownerDesignName>
<useDomainConstraints>false</useDomainConstraints>
<use>1</use>
<logicalDatatype>LOGDT024</logicalDatatype>
<dataTypeSize>40</dataTypeSize>
<ownDataTypeParameters>40,,</ownDataTypeParameters>
<autoIncrementCycle>false</autoIncrementCycle>
</Column>
<Column name="NR_DDI" id="B01E3C2E-3093-7472-7C53-2C15622936D1">
<createdBy>Gustavo Padlipskas</createdBy>
<createdTime>2023-09-20 11:54:58 UTC</createdTime>
<comment><![CDATA[Este atributo irá receber o número do DDI do telefone do contato do paciente. Seu conteudo é opcional.]]></comment>
<commentInRDBMS><![CDATA[Este atributo irá receber o número do DDI do telefone do contato do paciente. Seu conteudo é opcional.]]></commentInRDBMS>
<generatorID>294FD7DF-01BD-9510-9064-BCAA0B2F2A80</generatorID>
<ownerDesignName>Projeto_RHSTU_v7</ownerDesignName>
<nullsAllowed>true</nullsAllowed>
<useDomainConstraints>false</useDomainConstraints>
<use>1</use>
<logicalDatatype>LOGDT019</logicalDatatype>
<dataTypePrecision>3</dataTypePrecision>
<ownDataTypeParameters>,3,</ownDataTypeParameters>
<autoIncrementCycle>false</autoIncrementCycle>
</Column>
<Column name="NR_DDD" id="1A9FC5C2-A672-773A-F146-BBD28C3C145D">
<createdBy>Gustavo Padlipskas</createdBy>
<createdTime>2023-09-20 11:54:58 UTC</createdTime>
<comment><![CDATA[Este atributo irá receber o número do DDD  do telefone do contato do paciente. Seu conteudo é opcional.]]></comment>
<commentInRDBMS><![CDATA[Este atributo irá receber o número do DDD  do telefone do contato do paciente. Seu conteudo é opcional.]]></commentInRDBMS>
<generatorID>CA14A3CD-3477-1A67-B741-3DB8808D3250</generatorID>
<ownerDesignName>Projeto_RHSTU_v7</ownerDesignName>
<nullsAllowed>true</nullsAllowed>
<useDomainConstraints>false</useDomainConstraints>
<use>1</use>
<logicalDatatype>LOGDT019</logicalDatatype>
<dataTypePrecision>3</dataTypePrecision>
<ownDataTypeParameters>,3,</ownDataTypeParameters>
<autoIncrementCycle>false</autoIncrementCycle>
</Column>
<Column name="NR_TELEFONE" id="D9D7773E-DC86-C1F6-2726-F6D44E4FFEEF">
<createdBy>Gustavo Padlipskas</createdBy>
<createdTime>2023-09-20 11:54:58 UTC</createdTime>
<comment><![CDATA[Este atributo irá receber o número do telefone do contato do paciente. Seu conteudo é opcional.]]></comment>
<commentInRDBMS><![CDATA[Este atributo irá receber o número do telefone do contato do paciente. Seu conteudo é opcional.]]></commentInRDBMS>
<generatorID>4C257F99-8015-21C5-1A14-EA8F95A502F9</generatorID>
<ownerDesignName>Projeto_RHSTU_v7</ownerDesignName>
<nullsAllowed>true</nullsAllowed>
<useDomainConstraints>false</useDomainConstraints>
<use>1</use>
<logicalDatatype>LOGDT019</logicalDatatype>
<dataTypePrecision>10</dataTypePrecision>
<ownDataTypeParameters>,10,</ownDataTypeParameters>
<autoIncrementCycle>false</autoIncrementCycle>
</Column>
<Column name="DT_CADASTRO" id="B26E755E-8472-68EE-1E42-87A09A5F2822">
<createdBy>Gustavo Padlipskas</createdBy>
<createdTime>2023-09-20 11:54:58 UTC</createdTime>
<comment><![CDATA[ESSE ATRIBUTO RECEBERÁ INFORMAÇÕES SOBRE A DATA DE CADASTRO DA TABELA, SENDO OBRIGATORIO]]></comment>
<commentInRDBMS><![CDATA[esse atributo receberá informações sobre a data de cadastro da tabela, sendo obrigatorio
]]></commentInRDBMS>
<generatorID>289A9DFD-842C-54AA-30EB-0658390F3A7E</generatorID>
<ownerDesignName>Projeto_RHSTU_v7</ownerDesignName>
<useDomainConstraints>false</useDomainConstraints>
<use>1</use>
<logicalDatatype>LOGDT008</logicalDatatype>
<ownDataTypeParameters>,,</ownDataTypeParameters>
<autoIncrementCycle>false</autoIncrementCycle>
</Column>
<Column name="NM_USUARIO" id="300B2BD2-04B4-486A-1FB6-0488E1F837B4">
<createdBy>Gustavo Padlipskas</createdBy>
<createdTime>2023-09-20 11:54:58 UTC</createdTime>
<comment><![CDATA[ESSE ATRIBUTO RECEBERÁ INFORMAÇÕES SOBRE O NOME DO USUÁRIO QUE REALIZOU O CADASTRO NA TABELA, SENDO OBRIGATÓRIO, CONTENDO 30 CARACTERES]]></comment>
<commentInRDBMS><![CDATA[esse atributo receberá informações sobre o nome do usuário que realizou o cadastro na tabela, sendo obrigatório, contendo 30 caracteres]]></commentInRDBMS>
<generatorID>DB40E725-F7F3-7433-3AD6-7D9B7F16AE4C</generatorID>
<ownerDesignName>Projeto_RHSTU_v7</ownerDesignName>
<useDomainConstraints>false</useDomainConstraints>
<use>1</use>
<logicalDatatype>LOGDT024</logicalDatatype>
<dataTypeSize>30</dataTypeSize>
<ownDataTypeParameters>30,,</ownDataTypeParameters>
<autoIncrementCycle>false</autoIncrementCycle>
</Column>
</columns>
<indexes itemClass="oracle.dbtools.crest.model.design.relational.Index">
<ind_PK_UK id="C081917B-4E62-25D8-53D7-643EB1C12777" name="PK_RHSTU_CONTATO_EMERG_PAC">
<createdBy>Gustavo Padlipskas</createdBy>
<createdTime>2023-09-20 11:54:58 UTC</createdTime>
<generatorID>2AE6C75F-2810-8CEA-5FA4-7C1166C2AFA6</generatorID>
<ownerDesignName>Projeto_RHSTU_v7</ownerDesignName>
<pk>true</pk>
<indexState>Primary Constraint</indexState>
<isSurrogateKey>false</isSurrogateKey>
<indexColumnUsage>
<colUsage columnID="EA979238-DF38-B189-8660-D5A555E03BA8"/>
<colUsage columnID="74A4BED6-CE50-C2C7-5CF0-81334172CD1C"/>
</indexColumnUsage>
</ind_PK_UK>
<ind_PK_UK id="470E1081-7DAF-67B6-6F1F-4411400239AB" name="FK_RHSTU_PAC_CONT">
<createdBy>Gustavo Padlipskas</createdBy>
<createdTime>2023-09-20 11:54:58 UTC</createdTime>
<generatorID>DE1DF8BF-A74C-3932-5D5D-DC1555633DE6</generatorID>
<ownerDesignName>Projeto_RHSTU_v7</ownerDesignName>
<indexState>Foreign Key</indexState>
<isSurrogateKey>false</isSurrogateKey>
<indexColumnUsage>
<colUsage columnID="74A4BED6-CE50-C2C7-5CF0-81334172CD1C"/>
</indexColumnUsage>
</ind_PK_UK>
<ind_PK_UK id="7D901EEA-58DC-7DD7-34C3-C8EC5294E592" name="FK_RHSTU_TIPO_CONTATO">
<createdBy>Gustavo Padlipskas</createdBy>
<createdTime>2023-09-20 11:54:58 UTC</createdTime>
<generatorID>20403068-9FFF-7A08-63D5-13C205008336</generatorID>
<ownerDesignName>Projeto_RHSTU_v7</ownerDesignName>
<indexState>Foreign Key</indexState>
<isSurrogateKey>false</isSurrogateKey>
<indexColumnUsage>
<colUsage columnID="70A59A03-E0F1-8123-3015-8FF61942EEF3"/>
</indexColumnUsage>
</ind_PK_UK>
</indexes>
</Table>