<?xml version = '1.0' encoding = 'UTF-8'?>
<Table class="oracle.dbtools.crest.model.design.relational.Table" directorySegmentName="seg_0" id="FFA442B7-321C-4EC0-CAAD-DE72C6715C63" name="T_RHSTU_TELEFONE_PACIENTE">
<createdBy>Gustavo Padlipskas</createdBy>
<createdTime>2023-09-20 11:54:58 UTC</createdTime>
<generatorID>C5153E1A-0C36-99E4-0FDF-BD7427056DA5</generatorID>
<ownerDesignName>Projeto_RHSTU_v7</ownerDesignName>
<allowColumnReorder>false</allowColumnReorder>
<existDependencyGenerateInDDl>true</existDependencyGenerateInDDl>
<parsed>true</parsed>
<columns itemClass="oracle.dbtools.crest.model.design.relational.Column">
<Column name="ID_PACIENTE" id="6E977A7E-FE18-F80E-90F1-15C58CCF2633">
<createdBy>Gustavo Padlipskas</createdBy>
<createdTime>2023-09-20 11:54:58 UTC</createdTime>
<comment><![CDATA[Esse atributo irá receber a chave primária do paciente. Esse número é sequencial e gerado automaticamente pelo sistema. Seu conteúdo é obrigatório.]]></comment>
<commentInRDBMS><![CDATA[Esse atributo irá receber a chave primária do paciente. Esse número é sequencial e gerado automaticamente pelo sistema. Seu conteúdo é obrigatório.]]></commentInRDBMS>
<generatorID>B9084DB1-DCD1-09AB-CE95-9CC3B7060678</generatorID>
<ownerDesignName>Projeto_RHSTU_v7</ownerDesignName>
<useDomainConstraints>false</useDomainConstraints>
<use>1</use>
<logicalDatatype>LOGDT019</logicalDatatype>
<dataTypePrecision>9</dataTypePrecision>
<ownDataTypeParameters>,,</ownDataTypeParameters>
<previousColumn>false</previousColumn>
<autoIncrementCycle>false</autoIncrementCycle>
<associations>
<colAssociation fkAssociation="E1603267-6673-3C67-5C9B-8B82D6A9F980" referredColumn="60941392-A935-FD1A-60EC-A90E894F599F"/>
</associations>
</Column>
<Column name="ID_TELEFONE" id="CD6FE55F-452D-F288-F327-FA7A9D1B1E7E">
<createdBy>Gustavo Padlipskas</createdBy>
<createdTime>2023-09-20 11:54:58 UTC</createdTime>
<comment><![CDATA[Esse atributo irá receber a chave primária do telefone do paciente. Esse número é sequencial iniciando com 1 a partir do id do paciente e é  gerado automaticamente pelo sistema. Seu conteúdo é obrigatório.]]></comment>
<commentInRDBMS><![CDATA[Esse atributo irá receber a chave primária do telefone do paciente. Esse número é sequencial iniciando com 1 a partir do id do paciente e é  gerado automaticamente pelo sistema. Seu conteúdo é obrigatório.]]></commentInRDBMS>
<generatorID>E2A7759F-F71D-BA2E-6CB9-54A708AF5648</generatorID>
<ownerDesignName>Projeto_RHSTU_v7</ownerDesignName>
<useDomainConstraints>false</useDomainConstraints>
<use>1</use>
<logicalDatatype>LOGDT019</logicalDatatype>
<dataTypePrecision>9</dataTypePrecision>
<ownDataTypeParameters>,9,</ownDataTypeParameters>
<autoIncrementCycle>false</autoIncrementCycle>
</Column>
<Column name="NR_DDI" id="3CC003BB-6C80-8E65-DFCF-A5BF0FFA9799">
<createdBy>Gustavo Padlipskas</createdBy>
<createdTime>2023-09-20 11:54:58 UTC</createdTime>
<comment><![CDATA[Este atributo irá receber o número do DDI do telefone do  paciente. Seu conteudo é obrigatório]]></comment>
<commentInRDBMS><![CDATA[Este atributo irá receber o número do DDI do telefone do  paciente. Seu conteudo é obrigatório.]]></commentInRDBMS>
<generatorID>51C7512B-A456-EC5E-42FA-78F75E2201C5</generatorID>
<ownerDesignName>Projeto_RHSTU_v7</ownerDesignName>
<useDomainConstraints>false</useDomainConstraints>
<use>1</use>
<logicalDatatype>LOGDT019</logicalDatatype>
<dataTypePrecision>3</dataTypePrecision>
<ownDataTypeParameters>,3,</ownDataTypeParameters>
<autoIncrementCycle>false</autoIncrementCycle>
</Column>
<Column name="NR_DDD" id="C49652CA-201E-EB1A-2177-AE2D1A56FB5C">
<createdBy>Gustavo Padlipskas</createdBy>
<createdTime>2023-09-20 11:54:58 UTC</createdTime>
<comment><![CDATA[Esse atributo irá receber o número do DDD do telefone paciente.  Seu conteúdo é obrigatório.]]></comment>
<commentInRDBMS><![CDATA[Esse atributo irá receber o número do DDD do telefone paciente.  Seu conteúdo é obrigatório.]]></commentInRDBMS>
<generatorID>6058B28E-F6D9-0905-716D-9DA1C28FF102</generatorID>
<ownerDesignName>Projeto_RHSTU_v7</ownerDesignName>
<useDomainConstraints>false</useDomainConstraints>
<use>1</use>
<logicalDatatype>LOGDT019</logicalDatatype>
<dataTypePrecision>3</dataTypePrecision>
<ownDataTypeParameters>,3,</ownDataTypeParameters>
<autoIncrementCycle>false</autoIncrementCycle>
</Column>
<Column name="NR_TELEFONE" id="3C4AB2CD-FC86-3F49-B43E-2771730A5FF9">
<createdBy>Gustavo Padlipskas</createdBy>
<createdTime>2023-09-20 11:54:58 UTC</createdTime>
<comment><![CDATA[Esse atributo irá receber o número do telefone do  DDD do telefone paciente.  Seu conteúdo é obrigatório.]]></comment>
<commentInRDBMS><![CDATA[Esse atributo irá receber o número do telefone do  DDD do telefone paciente.  Seu conteúdo é obrigatório.]]></commentInRDBMS>
<generatorID>AF2C2E10-E44F-75CA-4643-5E1316EB704B</generatorID>
<ownerDesignName>Projeto_RHSTU_v7</ownerDesignName>
<useDomainConstraints>false</useDomainConstraints>
<use>1</use>
<logicalDatatype>LOGDT019</logicalDatatype>
<dataTypePrecision>10</dataTypePrecision>
<ownDataTypeParameters>,10,</ownDataTypeParameters>
<autoIncrementCycle>false</autoIncrementCycle>
</Column>
<Column name="TP_TELEFONE" id="632CEAB6-17B3-324B-87B1-00C70105F005">
<createdBy>Gustavo Padlipskas</createdBy>
<createdTime>2023-09-20 11:54:58 UTC</createdTime>
<comment><![CDATA[Esse atributo irá receber o tipo do  telefone  do telefone paciente.  Seu conteúdo é obrigatório e os valores possiveis são: Comercial, Residencial, Recado e Celular]]></comment>
<commentInRDBMS><![CDATA[Esse atributo irá receber o tipo do  telefone  do telefone paciente.  Seu conteúdo é obrigatório e os valores possiveis são: Comercial, Residencial, Recado e Celular]]></commentInRDBMS>
<generatorID>EC5B421C-2398-8D05-F32A-8C0EBDF07BDE</generatorID>
<ownerDesignName>Projeto_RHSTU_v7</ownerDesignName>
<useDomainConstraints>false</useDomainConstraints>
<use>1</use>
<logicalDatatype>LOGDT024</logicalDatatype>
<dataTypeSize>20</dataTypeSize>
<listOfValues>
<valueDef value="CELULAR" description=""/>
<valueDef value="COMERCIAL" description=""/>
<valueDef value="CONTATO OU RECADO" description=""/>
<valueDef value="RESIDENCIAL" description=""/>
</listOfValues>
<defaultValue>CELULAR</defaultValue>
<ownDataTypeParameters>20,,</ownDataTypeParameters>
<autoIncrementCycle>false</autoIncrementCycle>
</Column>
<Column name="ST_TELEFONE" id="568A05E5-36A3-A661-A7D4-BAE684D351DD">
<createdBy>Gustavo Padlipskas</createdBy>
<createdTime>2023-09-20 11:54:58 UTC</createdTime>
<comment><![CDATA[Esse atributo irá receber o status do telefone do paciente.  Seu conteúdo é obrigatório e deve possuir os seguintes valores: (A)tivo ou (I)nativo.]]></comment>
<commentInRDBMS><![CDATA[Esse atributo irá receber o status do telefone do paciente.  Seu conteúdo é obrigatório e deve possuir os seguintes valores: (A)tivo ou (I)nativo.]]></commentInRDBMS>
<generatorID>2EE0DBDD-953B-1496-ECD5-15DBC330FBBE</generatorID>
<ownerDesignName>Projeto_RHSTU_v7</ownerDesignName>
<constraintName>CK_RHSTU_ST_TEL_PAC</constraintName>
<useDomainConstraints>false</useDomainConstraints>
<use>1</use>
<logicalDatatype>LOGDT025</logicalDatatype>
<dataTypeSize>1</dataTypeSize>
<listOfValues>
<valueDef value="A" description="Significa que o telefone está Ativo"/>
<valueDef value="I" description="Significa que o telefone está Inativo."/>
</listOfValues>
<ownDataTypeParameters>1,,</ownDataTypeParameters>
<autoIncrementCycle>false</autoIncrementCycle>
</Column>
<Column name="DT_CADASTRO" id="CF31DDFD-2E36-63A2-FEC3-7461D2C397F7">
<createdBy>Gustavo Padlipskas</createdBy>
<createdTime>2023-09-20 11:54:58 UTC</createdTime>
<comment><![CDATA[ESSE ATRIBUTO RECEBERÁ INFORMAÇÕES SOBRE A DATA DE CADASTRO DA TABELA, SENDO OBRIGATORIO]]></comment>
<commentInRDBMS><![CDATA[esse atributo receberá informações sobre a data de cadastro da tabela, sendo obrigatorio
]]></commentInRDBMS>
<generatorID>5F20A08A-CED2-454B-A02E-92F2EB2C253B</generatorID>
<ownerDesignName>Projeto_RHSTU_v7</ownerDesignName>
<useDomainConstraints>false</useDomainConstraints>
<use>1</use>
<logicalDatatype>LOGDT008</logicalDatatype>
<ownDataTypeParameters>,,</ownDataTypeParameters>
<autoIncrementCycle>false</autoIncrementCycle>
</Column>
<Column name="NM_USUARIO" id="054D07C3-BEB5-B47A-2753-8A8C1CD5DF13">
<createdBy>Gustavo Padlipskas</createdBy>
<createdTime>2023-09-20 11:54:58 UTC</createdTime>
<comment><![CDATA[ESSE ATRIBUTO RECEBERÁ INFORMAÇÕES SOBRE O NOME DO USUÁRIO QUE REALIZOU O CADASTRO NA TABELA, SENDO OBRIGATÓRIO, CONTENDO 30 CARACTERES]]></comment>
<commentInRDBMS><![CDATA[esse atributo receberá informações sobre o nome do usuário que realizou o cadastro na tabela, sendo obrigatório, contendo 30 caracteres]]></commentInRDBMS>
<generatorID>B5319824-DECE-E95F-AC06-FC94852EDBCB</generatorID>
<ownerDesignName>Projeto_RHSTU_v7</ownerDesignName>
<useDomainConstraints>false</useDomainConstraints>
<use>1</use>
<logicalDatatype>LOGDT024</logicalDatatype>
<dataTypeSize>30</dataTypeSize>
<ownDataTypeParameters>30,,</ownDataTypeParameters>
<autoIncrementCycle>false</autoIncrementCycle>
</Column>
</columns>
<indexes itemClass="oracle.dbtools.crest.model.design.relational.Index">
<ind_PK_UK id="4AA01E45-A293-527C-2816-3A1C0A6B91FC" name="PK_RHSTU_TELEFONE_PACIENTE">
<createdBy>Gustavo Padlipskas</createdBy>
<createdTime>2023-09-20 11:54:58 UTC</createdTime>
<generatorID>5AA0F023-B3CA-8221-2E61-F3D956BF0F34</generatorID>
<ownerDesignName>Projeto_RHSTU_v7</ownerDesignName>
<pk>true</pk>
<indexState>Primary Constraint</indexState>
<isSurrogateKey>false</isSurrogateKey>
<indexColumnUsage>
<colUsage columnID="CD6FE55F-452D-F288-F327-FA7A9D1B1E7E"/>
<colUsage columnID="6E977A7E-FE18-F80E-90F1-15C58CCF2633"/>
</indexColumnUsage>
</ind_PK_UK>
<ind_PK_UK id="5EE27718-5861-9353-8642-5A4841D2485D" name="FK_RHSTU_PACIENTE_TELEFONE">
<createdBy>Gustavo Padlipskas</createdBy>
<createdTime>2023-09-20 11:54:58 UTC</createdTime>
<generatorID>8BCC4E83-DAA8-181A-7DE9-422F9A8742E1</generatorID>
<ownerDesignName>Projeto_RHSTU_v7</ownerDesignName>
<indexState>Foreign Key</indexState>
<isSurrogateKey>false</isSurrogateKey>
<indexColumnUsage>
<colUsage columnID="6E977A7E-FE18-F80E-90F1-15C58CCF2633"/>
</indexColumnUsage>
</ind_PK_UK>
</indexes>
</Table>